graph,order,freq,input_time,task_time,output_time,total_time,input_power,task_power,input_e,task_e,total_e
YOLOv3,LLLLLLLLLLLLLLLLLLLLLLLLLLLLLLLLLLLLLLLLLLLLLLLLLLLLLLLLLLLLLLLLLLLLLLLLLLL,{{max}},256.97,4089.7,0.410404,4346.67,3612.495437370404,5730.032665331767,928.3029525410728,23434.114591407324,24362.417543948395
YOLOv3,LLLLLLLLLLLLLLLLLLLLLLLLLLLLLLLLLLLLLLLLLLLLLLLLLLLLLLLLLLLLLLLLLLLLLLLLLLN,{{max}},256.065,4118.268000000001,0.126292,4374.3330000000005,3807.706663932145,5990.852944632662,975.0204068997848,24671.937974586468,25646.958381486253
YOLOv3,LLLLLLLLLLLLLLLLLLLLLLLLLLLLLLLLLLLLLLLLLLLLLLLLLLLLLLLLLLLLLLLLLLLLLLLLLNN,{{max}},256.069,4145.748,0.0874417,4401.817,3834.003120284781,5972.361362467036,981.7693450082038,24759.905173724987,25741.67451873319
YOLOv3,LLLLLLLLLLLLLLLLLLLLLLLLLLLLLLLLLLLLLLLLLLLLLLLLLLLLLLLLLLLLLLLLLLLLLLLLNNN,{{max}},256.136,4004.307,0.0987876,4260.443,3876.977645283682,6080.909139118317,993.0335461523812,24349.82703213545,25342.86057828784
YOLOv3,LLLLLLLLLLLLLLLLLLLLLLLLLLLLLLLLLLLLLLLLLLLLLLLLLLLLLLLLLLLLLLLLLLLLLLLNNNN,{{max}},256.333,3911.415,0.0897458,4167.748,3884.6028839439614,6112.971177072055,995.7519110500078,23910.36715656729,24906.1190676173
YOLOv3,LLLLLLLLLLLLLLLLLLLLLLLLLLLLLLLLLLLLLLLLLLLLLLLLLLLLLLLLLLLLLLLLLLLLLLNNNNN,{{max}},256.155,3930.6460000000006,0.0850792,4186.801,3886.8717558071967,6089.551977553353,995.6416346087924,23935.87312236218,24931.514756970973
YOLOv3,LLLLLLLLLLLLLLLLLLLLLLLLLLLLLLLLLLLLLLLLLLLLLLLLLLLLLLLLLLLLLLLLLLLLLNNNNNN,{{max}},256.257,3846.688,0.108908,4102.945,3886.4579884661775,6097.724834979991,995.9320647503772,23456.04495001951,24451.977014769887
YOLOv3,LLLLLLLLLLLLLLLLLLLLLLLLLLLLLLLLLLLLLLLLLLLLLLLLLLLLLLLLLLLLLLLLLLLLNNNNNNN,{{max}},256.169,3888.497,0.0903583,4144.666,3869.534838296978,6056.229870299472,991.2548699916986,23549.631681969888,24540.886551961587
YOLOv3,LLLLLLLLLLLLLLLLLLLLLLLLLLLLLLLLLLLLLLLLLLLLLLLLLLLLLLLLLLLLLLLLLLLNNNNNNNN,{{max}},256.096,3879.855,0.118184,4135.951,3889.37823808896,6078.976081288527,996.05420926163,23585.5457438677,24581.59995312933
YOLOv3,LLLLLLLLLLLLLLLLLLLLLLLLLLLLLLLLLLLLLLLLLLLLLLLLLLLLLLLLLLLLLLLLLLNNNNNNNNN,{{max}},256.262,3891.294,0.243512,4147.556,3837.2770570150265,6059.261228214474,983.3482931847848,23578.36686178361,24561.71515496839
YOLOv3,LLLLLLLLLLLLLLLLLLLLLLLLLLLLLLLLLLLLLLLLLLLLLLLLLLLLLLLLLLLLLLLLLNNNNNNNNNN,{{max}},256.248,3596.076405,0.248383,3852.324405,3878.238333113596,6159.551373804978,993.7908163836928,22150.21736072542,23144.00817710911
YOLOv3,LLLLLLLLLLLLLLLLLLLLLLLLLLLLLLLLLLLLLLLLLLLLLLLLLLLLLLLLLLLLLLLLNNNNNNNNNNN,{{max}},256.059,3801.907,0.219304,4057.966,3824.511887845538,6054.658345419137,979.3006894898408,23019.247946057432,23998.548635547275
YOLOv3,LLLLLLLLLLLLLLLLLLLLLLLLLLLLLLLLLLLLLLLLLLLLLLLLLLLLLLLLLLLLLLLNNNNNNNNNNNN,{{max}},256.003,3730.433,0.2254,3986.436,3843.428211476202,6064.003751078374,983.929152422542,22621.35970514655,23605.28885756909
YOLOv3,LLLLLLLLLLLLLLLLLLLLLLLLLLLLLLLLLLLLLLLLLLLLLLLLLLLLLLLLLLLLLLNNNNNNNNNNNNN,{{max}},256.17,3716.579,0.213938,3972.749,3884.429827773952,6041.182835728963,995.0743889808532,22452.533262430712,23447.607651411567
YOLOv3,LLLLLLLLLLLLLLLLLLLLLLLLLLLLLLLLLLLLLLLLLLLLLLLLLLLLLLLLLLLLLNNNNNNNNNNNNNN,{{max}},256.169,3651.59,0.227617,3907.759,3849.6675114386026,6053.038504841692,986.1654767377152,22103.214873894874,23089.38035063259
YOLOv3,LLLLLLLLLLLLLLLLLLLLLLLLLLLLLLLLLLLLLLLLLLLLLLLLLLLLLLLLLLLLNNNNNNNNNNNNNNN,{{max}},256.058,3635.907,0.181971,3891.965,3813.7033483243727,6041.434846569116,976.5292519652422,21966.09524868457,22942.62450064982
YOLOv3,LLLLLLLLLLLLLLLLLLLLLLLLLLLLLLLLLLLLLLLLLLLLLLLLLLLLLLLLLLLNNNNNNNNNNNNNNNN,{{max}},256.145,3644.259,0.220675,3900.404,3885.425096074496,6032.252878974036,995.2322112340016,21983.091844477043,22978.324055711044
YOLOv3,LLLLLLLLLLLLLLLLLLLLLLLLLLLLLLLLLLLLLLLLLLLLLLLLLLLLLLLLLLNNNNNNNNNNNNNNNNN,{{max}},255.995,3641.929,0.305492,3897.924,3846.127331057821,6037.182300606259,984.5893661141469,21986.98929886465,22971.578664978795
YOLOv3,LLLLLLLLLLLLLLLLLLLLLLLLLLLLLLLLLLLLLLLLLLLLLLLLLLLLLLLLLNNNNNNNNNNNNNNNNNN,{{max}},256.354,3332.65815,0.157325,3589.01215,3903.911611463506,6162.906433752256,1000.7833572451156,20538.86035413189,21539.643711377008
YOLOv3,LLLLLLLLLLLLLLLLLLLLLLLLLLLLLLLLLLLLLLLLLLLLLLLLLLLLLLLLNNNNNNNNNNNNNNNNNNN,{{max}},256.145,3562.984,0.301379,3819.129,3840.405783513763,6028.7785887089285,983.7007394181328,21480.44165111249,22464.142390530626
YOLOv3,LLLLLLLLLLLLLLLLLLLLLLLLLLLLLLLLLLLLLLLLLLLLLLLLLLLLLLLNNNNNNNNNNNNNNNNNNNN,{{max}},256.145,3516.451,0.280846,3772.596,3832.8091101589193,6027.341351038535,981.7548895216564,21194.85052120081,22176.605410722463
YOLOv3,LLLLLLLLLLLLLLLLLLLLLLLLLLLLLLLLLLLLLLLLLLLLLLLLLLLLLLNNNNNNNNNNNNNNNNNNNNN,{{max}},256.186,3503.463,0.290296,3759.649,3882.769435858371,6032.125619675303,994.7111706948124,21133.32891988449,22128.040090579307
YOLOv3,LLLLLLLLLLLLLLLLLLLLLLLLLLLLLLLLLLLLLLLLLLLLLLLLLLLLLNNNNNNNNNNNNNNNNNNNNNN,{{max}},256.266,3442.639,0.289596,3698.905,3905.338189755794,6021.723106770294,1000.8053965359584,20730.61881456858,21731.42421110454
YOLOv3,LLLLLLLLLLLLLLLLLLLLLLLLLLLLLLLLLLLLLLLLLLLLLLLLLLLLNNNNNNNNNNNNNNNNNNNNNNN,{{max}},256.091,3437.804,0.265679,3693.895,3861.418801791112,6014.215575094753,988.8746023694875,20675.694360923044,21664.56896329253
YOLOv3,LLLLLLLLLLLLLLLLLLLLLLLLLLLLLLLLLLLLLLLLLLLLLLLLLLLNNNNNNNNNNNNNNNNNNNNNNNN,{{max}},256.236,3386.542,0.291462,3642.778,3878.947965955202,6013.526556779923,993.9261110044972,20365.0602526506,21358.98636365509
YOLOv3,LLLLLLLLLLLLLLLLLLLLLLLLLLLLLLLLLLLLLLLLLLLLLLLLLLNNNNNNNNNNNNNNNNNNNNNNNNN,{{max}},256.298,3089.104875,0.156742,3345.402875,3938.871741157973,6159.047156730556,1009.5249495153062,19025.942597211248,20035.467546726555
YOLOv3,LLLLLLLLLLLLLLLLLLLLLLLLLLLLLLLLLLLLLLLLLLLLLLLLLNNNNNNNNNNNNNNNNNNNNNNNNNN,{{max}},256.153,3319.456,0.274721,3575.609,3837.746705145296,5989.343015948486,983.050331763083,19881.3606103483,20864.410942111383
YOLOv3,LLLLLLLLLLLLLLLLLLLLLLLLLLLLLLLLLLLLLLLLLLLLLLLLNNNNNNNNNNNNNNNNNNNNNNNNNNN,{{max}},256.163,3011.626112,0.149333,3267.789112,3871.806224943724,6145.554108211931,991.8134980002592,18508.111224999924,19499.924723000186
YOLOv3,LLLLLLLLLLLLLLLLLLLLLLLLLLLLLLLLLLLLLLLLLLLLLLLNNNNNNNNNNNNNNNNNNNNNNNNNNNN,{{max}},256.106,3244.352,0.310421,3500.458,3837.558218458999,6003.098723455762,982.8216850966604,19476.16534964115,20458.98703473781
YOLOv3,LLLLLLLLLLLLLLLLLLLLLLLLLLLLLLLLLLLLLLLLLLLLLLNNNNNNNNNNNNNNNNNNNNNNNNNNNNN,{{max}},256.312,2938.517463,0.155867,3194.829463,3887.9083593357054,6139.605363610739,996.5175673980536,18041.337576898623,19037.855144296675
YOLOv3,LLLLLLLLLLLLLLLLLLLLLLLLLLLLLLLLLLLLLLLLLLLLLNNNNNNNNNNNNNNNNNNNNNNNNNNNNNN,{{max}},256.273,3171.593,0.287,3427.866,3865.749820547003,5983.437339952774,990.6873037610422,18977.02798333284,19967.71528709388
YOLOv3,LLLLLLLLLLLLLLLLLLLLLLLLLLLLLLLLLLLLLLLLLLLLNNNNNNNNNNNNNNNNNNNNNNNNNNNNNNN,{{max}},256.216,2867.243821,0.160621,3123.459821,3830.952516980893,6088.701826456827,981.5513300907766,17457.792689819755,18439.34401991053
YOLOv3,LLLLLLLLLLLLLLLLLLLLLLLLLLLLLLLLLLLLLLLLLLLNNNNNNNNNNNNNNNNNNNNNNNNNNNNNNNN,{{max}},256.232,2728.771142,0.157909,2985.003142,3768.828550361592,5993.504883366806,965.6944771162516,16354.903165167418,17320.59764228367
YOLOv3,LLLLLLLLLLLLLLLLLLLLLLLLLLLLLLLLLLLLLLLLLLNNNNNNNNNNNNNNNNNNNNNNNNNNNNNNNNN,{{max}},,,,,,,,,
YOLOv3,LLLLLLLLLLLLLLLLLLLLLLLLLLLLLLLLLLLLLLLLLNNNNNNNNNNNNNNNNNNNNNNNNNNNNNNNNNN,{{max}},,,,,,,,,
YOLOv3,LLLLLLLLLLLLLLLLLLLLLLLLLLLLLLLLLLLLLLLLNNNNNNNNNNNNNNNNNNNNNNNNNNNNNNNNNNN,{{max}},,,,,,,,,
YOLOv3,LLLLLLLLLLLLLLLLLLLLLLLLLLLLLLLLLLLLLLLNNNNNNNNNNNNNNNNNNNNNNNNNNNNNNNNNNNN,{{max}},,,,,,,,,
YOLOv3,LLLLLLLLLLLLLLLLLLLLLLLLLLLLLLLLLLLLLLNNNNNNNNNNNNNNNNNNNNNNNNNNNNNNNNNNNNN,{{max}},,,,,,,,,
YOLOv3,LLLLLLLLLLLLLLLLLLLLLLLLLLLLLLLLLLLLLNNNNNNNNNNNNNNNNNNNNNNNNNNNNNNNNNNNNNN,{{max}},,,,,,,,,
YOLOv3,LLLLLLLLLLLLLLLLLLLLLLLLLLLLLLLLLLLLNNNNNNNNNNNNNNNNNNNNNNNNNNNNNNNNNNNNNNN,{{max}},,,,,,,,,
YOLOv3,LLLLLLLLLLLLLLLLLLLLLLLLLLLLLLLLLLLNNNNNNNNNNNNNNNNNNNNNNNNNNNNNNNNNNNNNNNN,{{max}},,,,,,,,,
YOLOv3,LLLLLLLLLLLLLLLLLLLLLLLLLLLLLLLLLLNNNNNNNNNNNNNNNNNNNNNNNNNNNNNNNNNNNNNNNNN,{{max}},,,,,,,,,
YOLOv3,LLLLLLLLLLLLLLLLLLLLLLLLLLLLLLLLLNNNNNNNNNNNNNNNNNNNNNNNNNNNNNNNNNNNNNNNNNN,{{max}},,,,,,,,,
YOLOv3,LLLLLLLLLLLLLLLLLLLLLLLLLLLLLLLLNNNNNNNNNNNNNNNNNNNNNNNNNNNNNNNNNNNNNNNNNNN,{{max}},,,,,,,,,
YOLOv3,LLLLLLLLLLLLLLLLLLLLLLLLLLLLLLLNNNNNNNNNNNNNNNNNNNNNNNNNNNNNNNNNNNNNNNNNNNN,{{max}},,,,,,,,,
YOLOv3,LLLLLLLLLLLLLLLLLLLLLLLLLLLLLLNNNNNNNNNNNNNNNNNNNNNNNNNNNNNNNNNNNNNNNNNNNNN,{{max}},,,,,,,,,
YOLOv3,LLLLLLLLLLLLLLLLLLLLLLLLLLLLLNNNNNNNNNNNNNNNNNNNNNNNNNNNNNNNNNNNNNNNNNNNNNN,{{max}},,,,,,,,,
YOLOv3,LLLLLLLLLLLLLLLLLLLLLLLLLLLLNNNNNNNNNNNNNNNNNNNNNNNNNNNNNNNNNNNNNNNNNNNNNNN,{{max}},,,,,,,,,
YOLOv3,LLLLLLLLLLLLLLLLLLLLLLLLLLLNNNNNNNNNNNNNNNNNNNNNNNNNNNNNNNNNNNNNNNNNNNNNNNN,{{max}},,,,,,,,,
YOLOv3,LLLLLLLLLLLLLLLLLLLLLLLLLLNNNNNNNNNNNNNNNNNNNNNNNNNNNNNNNNNNNNNNNNNNNNNNNNN,{{max}},256.608,2466.402,0.256638,2723.01,3620.33490099165,5467.04407290458,929.0068982736652,13483.928435500002,14412.935333773668
YOLOv3,LLLLLLLLLLLLLLLLLLLLLLLLLNNNNNNNNNNNNNNNNNNNNNNNNNNNNNNNNNNNNNNNNNNNNNNNNNN,{{max}},,,,,,,,,
YOLOv3,LLLLLLLLLLLLLLLLLLLLLLLLNNNNNNNNNNNNNNNNNNNNNNNNNNNNNNNNNNNNNNNNNNNNNNNNNNN,{{max}},,,,,,,,,
YOLOv3,LLLLLLLLLLLLLLLLLLLLLLLNNNNNNNNNNNNNNNNNNNNNNNNNNNNNNNNNNNNNNNNNNNNNNNNNNNN,{{max}},,,,,,,,,
YOLOv3,LLLLLLLLLLLLLLLLLLLLLLNNNNNNNNNNNNNNNNNNNNNNNNNNNNNNNNNNNNNNNNNNNNNNNNNNNNN,{{max}},,,,,,,,,
YOLOv3,LLLLLLLLLLLLLLLLLLLLLNNNNNNNNNNNNNNNNNNNNNNNNNNNNNNNNNNNNNNNNNNNNNNNNNNNNNN,{{max}},,,,,,,,,
YOLOv3,LLLLLLLLLLLLLLLLLLLLNNNNNNNNNNNNNNNNNNNNNNNNNNNNNNNNNNNNNNNNNNNNNNNNNNNNNNN,{{max}},,,,,,,,,
YOLOv3,LLLLLLLLLLLLLLLLLLLNNNNNNNNNNNNNNNNNNNNNNNNNNNNNNNNNNNNNNNNNNNNNNNNNNNNNNNN,{{max}},,,,,,,,,
YOLOv3,LLLLLLLLLLLLLLLLLLNNNNNNNNNNNNNNNNNNNNNNNNNNNNNNNNNNNNNNNNNNNNNNNNNNNNNNNNN,{{max}},,,,,,,,,
YOLOv3,LLLLLLLLLLLLLLLLLNNNNNNNNNNNNNNNNNNNNNNNNNNNNNNNNNNNNNNNNNNNNNNNNNNNNNNNNNN,{{max}},,,,,,,,,
YOLOv3,LLLLLLLLLLLLLLLLNNNNNNNNNNNNNNNNNNNNNNNNNNNNNNNNNNNNNNNNNNNNNNNNNNNNNNNNNNN,{{max}},,,,,,,,,
YOLOv3,LLLLLLLLLLLLLLLNNNNNNNNNNNNNNNNNNNNNNNNNNNNNNNNNNNNNNNNNNNNNNNNNNNNNNNNNNNN,{{max}},,,,,,,,,
YOLOv3,LLLLLLLLLLLLLLNNNNNNNNNNNNNNNNNNNNNNNNNNNNNNNNNNNNNNNNNNNNNNNNNNNNNNNNNNNNN,{{max}},,,,,,,,,
YOLOv3,LLLLLLLLLLLLLNNNNNNNNNNNNNNNNNNNNNNNNNNNNNNNNNNNNNNNNNNNNNNNNNNNNNNNNNNNNNN,{{max}},,,,,,,,,
YOLOv3,LLLLLLLLLLLLNNNNNNNNNNNNNNNNNNNNNNNNNNNNNNNNNNNNNNNNNNNNNNNNNNNNNNNNNNNNNNN,{{max}},,,,,,,,,
YOLOv3,LLLLLLLLLLLNNNNNNNNNNNNNNNNNNNNNNNNNNNNNNNNNNNNNNNNNNNNNNNNNNNNNNNNNNNNNNNN,{{max}},,,,,,,,,
YOLOv3,LLLLLLLLLLNNNNNNNNNNNNNNNNNNNNNNNNNNNNNNNNNNNNNNNNNNNNNNNNNNNNNNNNNNNNNNNNN,{{max}},,,,,,,,,
YOLOv3,LLLLLLLLLNNNNNNNNNNNNNNNNNNNNNNNNNNNNNNNNNNNNNNNNNNNNNNNNNNNNNNNNNNNNNNNNNN,{{max}},256.145,1329.569,0.372225,1585.714,3541.195767805049,5364.6872246243165,907.0595899444244,7132.721828556528,8039.781418500952
YOLOv3,LLLLLLLLNNNNNNNNNNNNNNNNNNNNNNNNNNNNNNNNNNNNNNNNNNNNNNNNNNNNNNNNNNNNNNNNNNN,{{max}},255.968,1287.358,0.249404,1543.326,3554.372409028098,5333.60115757492,909.8055967941042,6866.254119013333,7776.059715807438
YOLOv3,LLLLLLLNNNNNNNNNNNNNNNNNNNNNNNNNNNNNNNNNNNNNNNNNNNNNNNNNNNNNNNNNNNNNNNNNNNN,{{max}},256.113,1542.804,0.295108,1798.917,3587.713836477987,5157.565892526714,918.8601538018868,7957.113289253784,8875.973443055671
YOLOv3,LLLLLLNNNNNNNNNNNNNNNNNNNNNNNNNNNNNNNNNNNNNNNNNNNNNNNNNNNNNNNNNNNNNNNNNNNNN,{{max}},256.176,1160.928,0.286737,1417.1039999999998,3539.7352273475026,5261.890600072675,906.7952116009736,6108.676130561169,7015.471342162143
YOLOv3,LLLLLNNNNNNNNNNNNNNNNNNNNNNNNNNNNNNNNNNNNNNNNNNNNNNNNNNNNNNNNNNNNNNNNNNNNNN,{{max}},255.996,1417.127,0.304704,1673.123,3560.520965381248,5122.967956248856,911.479125053738,7259.896210935073,8171.3753359888115
YOLOv3,LLLLNNNNNNNNNNNNNNNNNNNNNNNNNNNNNNNNNNNNNNNNNNNNNNNNNNNNNNNNNNNNNNNNNNNNNNN,{{max}},256.098,1009.725,0.268333,1265.823,3518.300541773596,5084.799935544652,901.0297321471344,5134.249614917823,6035.279347064958
YOLOv3,LLLNNNNNNNNNNNNNNNNNNNNNNNNNNNNNNNNNNNNNNNNNNNNNNNNNNNNNNNNNNNNNNNNNNNNNNNN,{{max}},255.924,948.171,0.270637,1204.095,3536.951975170537,5012.845754221656,905.1908972935446,4753.034971626102,5658.225868919646
YOLOv3,LLNNNNNNNNNNNNNNNNNNNNNNNNNNNNNNNNNNNNNNNNNNNNNNNNNNNNNNNNNNNNNNNNNNNNNNNNN,{{max}},255.951,1256.583,0.281575,1512.534,3607.640131542687,4897.131744821717,923.3790993084824,6153.652499303308,7077.03159861179
YOLOv3,LNNNNNNNNNNNNNNNNNNNNNNNNNNNNNNNNNNNNNNNNNNNNNNNNNNNNNNNNNNNNNNNNNNNNNNNNNN,{{max}},256.048,783.6610000000001,0.218196,1039.709,3524.803084026871,4638.802842129422,902.5187800589124,3635.2488740659855,4537.767654124898
YOLOv3,NNNNNNNNNNNNNNNNNNNNNNNNNNNNNNNNNNNNNNNNNNNNNNNNNNNNNNNNNNNNNNNNNNNNNNNNNNN,{{max}},101.412,336.994,0.228346,438.406,5127.606837606838,4397.353506798345,520.0008646153847,1481.8817476700017,2001.8826122853864
