graph,order,freq,input_time,task_time,output_time,total_time,input_power,task_power,input_e,task_e,total_e,pipelinetime
YOLOv3,LLLLLLLLLLLLLLLLLLLLLLLLLLLLLLLLLLLLLLLLLLLLLLLLLLLLLLLLLLLLLLLLLLLLLLLLLLL,{{max}},256.839,4098.511,0.396025,4355.35,3497.618572156125,5591.145277597175,898.324856454007,22915.37042283008,23813.69527928408,
YOLOv3,NLLLLLLLLLLLLLLLLLLLLLLLLLLLLLLLLLLLLLLLLLLLLLLLLLLLLLLLLLLLLLLLLLLLLLLLLLL,{{max}},101.743,4570.200999999999,0.401567,4671.944,5240.024454418821,5734.912873014574,533.1358080659342,26209.70454716408,26742.840355230008,
YOLOv3,NNLLLLLLLLLLLLLLLLLLLLLLLLLLLLLLLLLLLLLLLLLLLLLLLLLLLLLLLLLLLLLLLLLLLLLLLLL,{{max}},101.628,4169.724,0.383862,4271.352,5261.343238920703,5792.45632689799,534.6997906850332,24152.9441652184,24687.64395590343,
YOLOv3,NNNLLLLLLLLLLLLLLLLLLLLLLLLLLLLLLLLLLLLLLLLLLLLLLLLLLLLLLLLLLLLLLLLLLLLLLLL,{{max}},101.709,4230.549,0.399554,4332.258,5316.465962441316,5778.667846955666,540.7324365739438,24446.93748127045,24987.669917844392,
YOLOv3,NNNNLLLLLLLLLLLLLLLLLLLLLLLLLLLLLLLLLLLLLLLLLLLLLLLLLLLLLLLLLLLLLLLLLLLLLLL,{{max}},101.698,3919.822,0.382842,4021.52,5331.631661765465,5844.377734509097,542.2162767382242,22908.92042003892,23451.13669677714,
YOLOv3,NNNNNLLLLLLLLLLLLLLLLLLLLLLLLLLLLLLLLLLLLLLLLLLLLLLLLLLLLLLLLLLLLLLLLLLLLLL,{{max}},101.625,3593.585,0.387596,3695.21,5304.702058504875,5904.876365718457,539.090346695558,21219.675134700363,21758.76548139592,
YOLOv3,NNNNNNLLLLLLLLLLLLLLLLLLLLLLLLLLLLLLLLLLLLLLLLLLLLLLLLLLLLLLLLLLLLLLLLLLLLL,{{max}},101.545,3645.106,0.396171,3746.651,5301.99829747717,5874.251810269208,538.3914171173193,21412.27051912315,21950.66193624047,
YOLOv3,NNNNNNNLLLLLLLLLLLLLLLLLLLLLLLLLLLLLLLLLLLLLLLLLLLLLLLLLLLLLLLLLLLLLLLLLLLL,{{max}},101.615,3472.742,0.384913,3574.357,5292.068285783073,5911.082394601543,537.753518859847,20527.664097193352,21065.4176160532,
YOLOv3,NNNNNNNNLLLLLLLLLLLLLLLLLLLLLLLLLLLLLLLLLLLLLLLLLLLLLLLLLLLLLLLLLLLLLLLLLLL,{{max}},101.552,3509.846,0.386663,3611.398,5317.435226745087,5870.353643254027,539.9961821464171,20604.037253360573,21144.03343550699,
YOLOv3,NNNNNNNNNLLLLLLLLLLLLLLLLLLLLLLLLLLLLLLLLLLLLLLLLLLLLLLLLLLLLLLLLLLLLLLLLLL,{{max}},101.548,3340.584,0.373946,3442.132,5278.887323943663,5904.730001756872,536.0604499718312,19725.24656818898,20261.307018160813,
YOLOv3,NNNNNNNNNNLLLLLLLLLLLLLLLLLLLLLLLLLLLLLLLLLLLLLLLLLLLLLLLLLLLLLLLLLLLLLLLLL,{{max}},101.758,3135.6380000000004,0.382842,3237.396,5297.755356927892,5885.834467756918,539.0889896102684,18455.84621880837,18994.93520841864,
YOLOv3,NNNNNNNNNNNLLLLLLLLLLLLLLLLLLLLLLLLLLLLLLLLLLLLLLLLLLLLLLLLLLLLLLLLLLLLLLLL,{{max}},101.565,3135.5660000000003,0.3829,3237.1310000000003,5274.128772635814,5877.458699732899,535.6668887927565,18429.15966528669,18964.826554079445,
YOLOv3,NNNNNNNNNNNNLLLLLLLLLLLLLLLLLLLLLLLLLLLLLLLLLLLLLLLLLLLLLLLLLLLLLLLLLLLLLLL,{{max}},101.583,3024.222,0.383483,3125.805,5254.036526853429,5908.926515732846,533.7207925073518,17869.90556526262,18403.62635776997,
YOLOv3,NNNNNNNNNNNNNLLLLLLLLLLLLLLLLLLLLLLLLLLLLLLLLLLLLLLLLLLLLLLLLLLLLLLLLLLLLLL,{{max}},101.596,3045.331,0.389375,3146.927,5266.181017730313,5890.061370428393,535.0229266773289,17937.186483268066,18472.2094099454,
YOLOv3,NNNNNNNNNNNNNNLLLLLLLLLLLLLLLLLLLLLLLLLLLLLLLLLLLLLLLLLLLLLLLLLLLLLLLLLLLLL,{{max}},101.642,2934.098,0.387509,3035.74,5254.151616934673,5879.548695084426,534.0424786484741,17251.172067149826,17785.2145457983,
YOLOv3,NNNNNNNNNNNNNNNLLLLLLLLLLLLLLLLLLLLLLLLLLLLLLLLLLLLLLLLLLLLLLLLLLLLLLLLLLLL,{{max}},101.608,2970.539,0.38045,3072.147,5234.342835428183,5831.623688247361,531.8511068221868,17323.065599262627,17854.916706084812,
YOLOv3,NNNNNNNNNNNNNNNNLLLLLLLLLLLLLLLLLLLLLLLLLLLLLLLLLLLLLLLLLLLLLLLLLLLLLLLLLLL,{{max}},101.73,2848.547,0.382083,2950.277,5280.6226211867,5870.332820718078,537.197739253323,16721.918945458023,17259.116684711345,
YOLOv3,NNNNNNNNNNNNNNNNNLLLLLLLLLLLLLLLLLLLLLLLLLLLLLLLLLLLLLLLLLLLLLLLLLLLLLLLLLL,{{max}},101.64,2865.628,0.399904,2967.268,5226.285333123887,5837.829072493915,531.1996412587118,16729.046449352594,17260.246090611305,
YOLOv3,NNNNNNNNNNNNNNNNNNLLLLLLLLLLLLLLLLLLLLLLLLLLLLLLLLLLLLLLLLLLLLLLLLLLLLLLLLL,{{max}},101.741,2762.473,0.376367,2864.214,5216.488252130464,5860.719956218954,530.7307312600055,16190.080639616044,16720.81137087605,
YOLOv3,NNNNNNNNNNNNNNNNNNNLLLLLLLLLLLLLLLLLLLLLLLLLLLLLLLLLLLLLLLLLLLLLLLLLLLLLLLL,{{max}},101.609,2788.498,0.364408,2890.107,5234.536957681797,5831.704306058339,531.8760657330897,16261.695794035068,16793.57185976816,
YOLOv3,NNNNNNNNNNNNNNNNNNNNLLLLLLLLLLLLLLLLLLLLLLLLLLLLLLLLLLLLLLLLLLLLLLLLLLLLLLL,{{max}},130.35,2663.27,0.400487,2793.62,5035.65730096648,5856.048196054375,656.3979291809807,15596.237479105735,16252.635408286716,
YOLOv3,NNNNNNNNNNNNNNNNNNNNNLLLLLLLLLLLLLLLLLLLLLLLLLLLLLLLLLLLLLLLLLLLLLLLLLLLLLL,{{max}},101.599,2695.627,0.377592,2797.226,5240.919656141342,5807.262887108222,532.4721961443042,15654.214634586877,16186.68683073118,
YOLOv3,NNNNNNNNNNNNNNNNNNNNNNLLLLLLLLLLLLLLLLLLLLLLLLLLLLLLLLLLLLLLLLLLLLLLLLLLLLL,{{max}},101.567,2580.2670000000003,0.372079,2681.8340000000003,5201.755905785756,5852.62761845298,528.3267420829418,15101.341907182816,15629.668649265755,
YOLOv3,NNNNNNNNNNNNNNNNNNNNNNNLLLLLLLLLLLLLLLLLLLLLLLLLLLLLLLLLLLLLLLLLLLLLLLLLLLL,{{max}},101.75,2612.685,0.379837,2714.435,5203.789036636786,5776.565199841924,529.485534477793,15092.345249149,15621.830783626792,
YOLOv3,NNNNNNNNNNNNNNNNNNNNNNNNLLLLLLLLLLLLLLLLLLLLLLLLLLLLLLLLLLLLLLLLLLLLLLLLLLL,{{max}},101.683,2495.022,0.379283,2596.705,5232.956402684235,5832.900587713876,532.1027058941411,14553.21529015905,15085.317996053192,
YOLOv3,NNNNNNNNNNNNNNNNNNNNNNNNNLLLLLLLLLLLLLLLLLLLLLLLLLLLLLLLLLLLLLLLLLLLLLLLLLL,{{max}},101.567,2528.616,0.394771,2630.183,5188.628469131103,5786.589386850154,526.9934277242387,14632.06250901949,15159.055936743727,
YOLOv3,NNNNNNNNNNNNNNNNNNNNNNNNNNLLLLLLLLLLLLLLLLLLLLLLLLLLLLLLLLLLLLLLLLLLLLLLLLL,{{max}},135.954,2426.441,0.37205,2562.395,4995.573844855306,5822.219363244498,679.1682465034582,14127.271773970342,14806.4400204738,
YOLOv3,NNNNNNNNNNNNNNNNNNNNNNNNNNNLLLLLLLLLLLLLLLLLLLLLLLLLLLLLLLLLLLLLLLLLLLLLLLL,{{max}},101.663,2324.793,0.383279,2426.456,5179.048637929235,5727.40130860827,526.5176216777999,13315.022470443346,13841.540092121146,
YOLOv3,NNNNNNNNNNNNNNNNNNNNNNNNNNNNLLLLLLLLLLLLLLLLLLLLLLLLLLLLLLLLLLLLLLLLLLLLLLL,{{max}},,,,,,,,,,
YOLOv3,NNNNNNNNNNNNNNNNNNNNNNNNNNNNNLLLLLLLLLLLLLLLLLLLLLLLLLLLLLLLLLLLLLLLLLLLLLL,{{max}},101.607,2235.023,0.379517,2336.63,5182.246286052256,5744.022794035064,526.5524983869115,12838.023057192631,13364.575555579544,
YOLOv3,NNNNNNNNNNNNNNNNNNNNNNNNNNNNNNLLLLLLLLLLLLLLLLLLLLLLLLLLLLLLLLLLLLLLLLLLLLL,{{max}},,,,,,,,,,
YOLOv3,NNNNNNNNNNNNNNNNNNNNNNNNNNNNNNNLLLLLLLLLLLLLLLLLLLLLLLLLLLLLLLLLLLLLLLLLLLL,{{max}},101.585,2152.238,0.383804,2253.823,5171.693107887138,5714.015259647941,525.3664443647148,12297.920774394164,12823.287218758878,
YOLOv3,NNNNNNNNNNNNNNNNNNNNNNNNNNNNNNNNLLLLLLLLLLLLLLLLLLLLLLLLLLLLLLLLLLLLLLLLLLL,{{max}},,,,,,,,,,
YOLOv3,NNNNNNNNNNNNNNNNNNNNNNNNNNNNNNNNNLLLLLLLLLLLLLLLLLLLLLLLLLLLLLLLLLLLLLLLLLL,{{max}},101.792,2070.088,0.382988,2171.88,5153.799723103935,5678.148694347921,524.6155814141958,11754.2674743853,12278.883055799495,
YOLOv3,NNNNNNNNNNNNNNNNNNNNNNNNNNNNNNNNNNLLLLLLLLLLLLLLLLLLLLLLLLLLLLLLLLLLLLLLLLL,{{max}},,,,,,,,,,
YOLOv3,NNNNNNNNNNNNNNNNNNNNNNNNNNNNNNNNNNNLLLLLLLLLLLLLLLLLLLLLLLLLLLLLLLLLLLLLLLL,{{max}},101.733,1989.374,0.379692,2091.107,5210.615976063738,5693.0470984563335,530.0915950928922,11325.599878444473,11855.691473537365,
YOLOv3,NNNNNNNNNNNNNNNNNNNNNNNNNNNNNNNNNNNNLLLLLLLLLLLLLLLLLLLLLLLLLLLLLLLLLLLLLLL,{{max}},,,,,,,,,,
YOLOv3,NNNNNNNNNNNNNNNNNNNNNNNNNNNNNNNNNNNNNLLLLLLLLLLLLLLLLLLLLLLLLLLLLLLLLLLLLLL,{{max}},101.589,1897.892,0.361462,1999.481,5137.183836064433,5650.980836807896,521.8813687219497,10724.95132233101,11246.83269105296,
YOLOv3,NNNNNNNNNNNNNNNNNNNNNNNNNNNNNNNNNNNNNNLLLLLLLLLLLLLLLLLLLLLLLLLLLLLLLLLLLLL,{{max}},,,,,,,,,,
YOLOv3,NNNNNNNNNNNNNNNNNNNNNNNNNNNNNNNNNNNNNNNLLLLLLLLLLLLLLLLLLLLLLLLLLLLLLLLLLLL,{{max}},101.604,1813.247,0.379283,1914.851,5163.398044741329,5669.495120097863,524.6218949378979,10280.195018032093,10804.816912969987,
YOLOv3,NNNNNNNNNNNNNNNNNNNNNNNNNNNNNNNNNNNNNNNNLLLLLLLLLLLLLLLLLLLLLLLLLLLLLLLLLLL,{{max}},,,,,,,,,,
YOLOv3,NNNNNNNNNNNNNNNNNNNNNNNNNNNNNNNNNNNNNNNNNLLLLLLLLLLLLLLLLLLLLLLLLLLLLLLLLLL,{{max}},101.619,1734.058,0.375142,1835.677,5164.845179695926,5638.38354870034,524.8464023155203,9777.284099692217,10302.130502007736,
YOLOv3,NNNNNNNNNNNNNNNNNNNNNNNNNNNNNNNNNNNNNNNNNNLLLLLLLLLLLLLLLLLLLLLLLLLLLLLLLLL,{{max}},,,,,,,,,,
YOLOv3,NNNNNNNNNNNNNNNNNNNNNNNNNNNNNNNNNNNNNNNNNNNLLLLLLLLLLLLLLLLLLLLLLLLLLLLLLLL,{{max}},101.668,1665.1419999999998,0.385758,1766.81,5160.249625995894,5666.421458311329,524.6322589757507,9435.396359935445,9960.028618911194,
YOLOv3,NNNNNNNNNNNNNNNNNNNNNNNNNNNNNNNNNNNNNNNNNNNNLLLLLLLLLLLLLLLLLLLLLLLLLLLLLLL,{{max}},,,,,,,,,,
YOLOv3,NNNNNNNNNNNNNNNNNNNNNNNNNNNNNNNNNNNNNNNNNNNNNLLLLLLLLLLLLLLLLLLLLLLLLLLLLLL,{{max}},,,,,,,,,,
YOLOv3,NNNNNNNNNNNNNNNNNNNNNNNNNNNNNNNNNNNNNNNNNNNNNNLLLLLLLLLLLLLLLLLLLLLLLLLLLLL,{{max}},,,,,,,,,,
YOLOv3,NNNNNNNNNNNNNNNNNNNNNNNNNNNNNNNNNNNNNNNNNNNNNNNLLLLLLLLLLLLLLLLLLLLLLLLLLLL,{{max}},,,,,,,,,,
YOLOv3,NNNNNNNNNNNNNNNNNNNNNNNNNNNNNNNNNNNNNNNNNNNNNNNNLLLLLLLLLLLLLLLLLLLLLLLLLLL,{{max}},,,,,,,,,,
YOLOv3,NNNNNNNNNNNNNNNNNNNNNNNNNNNNNNNNNNNNNNNNNNNNNNNNNLLLLLLLLLLLLLLLLLLLLLLLLLL,{{max}},,,,,,,,,,
YOLOv3,NNNNNNNNNNNNNNNNNNNNNNNNNNNNNNNNNNNNNNNNNNNNNNNNNNLLLLLLLLLLLLLLLLLLLLLLLLL,{{max}},,,,,,,,,,
YOLOv3,NNNNNNNNNNNNNNNNNNNNNNNNNNNNNNNNNNNNNNNNNNNNNNNNNNNLLLLLLLLLLLLLLLLLLLLLLLL,{{max}},,,,,,,,,,
YOLOv3,NNNNNNNNNNNNNNNNNNNNNNNNNNNNNNNNNNNNNNNNNNNNNNNNNNNNLLLLLLLLLLLLLLLLLLLLLLL,{{max}},,,,,,,,,,
YOLOv3,NNNNNNNNNNNNNNNNNNNNNNNNNNNNNNNNNNNNNNNNNNNNNNNNNNNNNLLLLLLLLLLLLLLLLLLLLLL,{{max}},,,,,,,,,,
YOLOv3,NNNNNNNNNNNNNNNNNNNNNNNNNNNNNNNNNNNNNNNNNNNNNNNNNNNNNNLLLLLLLLLLLLLLLLLLLLL,{{max}},,,,,,,,,,
YOLOv3,NNNNNNNNNNNNNNNNNNNNNNNNNNNNNNNNNNNNNNNNNNNNNNNNNNNNNNNLLLLLLLLLLLLLLLLLLLL,{{max}},,,,,,,,,,
YOLOv3,NNNNNNNNNNNNNNNNNNNNNNNNNNNNNNNNNNNNNNNNNNNNNNNNNNNNNNNNLLLLLLLLLLLLLLLLLLL,{{max}},,,,,,,,,,
YOLOv3,NNNNNNNNNNNNNNNNNNNNNNNNNNNNNNNNNNNNNNNNNNNNNNNNNNNNNNNNNLLLLLLLLLLLLLLLLLL,{{max}},,,,,,,,,,
YOLOv3,NNNNNNNNNNNNNNNNNNNNNNNNNNNNNNNNNNNNNNNNNNNNNNNNNNNNNNNNNNLLLLLLLLLLLLLLLLL,{{max}},,,,,,,,,,
YOLOv3,NNNNNNNNNNNNNNNNNNNNNNNNNNNNNNNNNNNNNNNNNNNNNNNNNNNNNNNNNNNLLLLLLLLLLLLLLLL,{{max}},,,,,,,,,,
YOLOv3,NNNNNNNNNNNNNNNNNNNNNNNNNNNNNNNNNNNNNNNNNNNNNNNNNNNNNNNNNNNNLLLLLLLLLLLLLLL,{{max}},,,,,,,,,,
YOLOv3,NNNNNNNNNNNNNNNNNNNNNNNNNNNNNNNNNNNNNNNNNNNNNNNNNNNNNNNNNNNNNLLLLLLLLLLLLLL,{{max}},105.997,965.462,0.254333,1071.459,5105.658862876255,5224.625093132929,541.1845224882944,5044.176991666304,5585.361514154599,
YOLOv3,NNNNNNNNNNNNNNNNNNNNNNNNNNNNNNNNNNNNNNNNNNNNNNNNNNNNNNNNNNNNNNLLLLLLLLLLLLL,{{max}},,,,,,,,,,
YOLOv3,NNNNNNNNNNNNNNNNNNNNNNNNNNNNNNNNNNNNNNNNNNNNNNNNNNNNNNNNNNNNNNNLLLLLLLLLLLL,{{max}},101.846,892.8140000000001,0.264571,994.66,5110.903176425565,5178.102522901998,520.5250449062381,4623.082425882225,5143.607470788463,
YOLOv3,NNNNNNNNNNNNNNNNNNNNNNNNNNNNNNNNNNNNNNNNNNNNNNNNNNNNNNNNNNNNNNNNLLLLLLLLLLL,{{max}},101.846,892.8140000000001,0.264571,994.66,5110.903176425565,5178.102522901998,520.5250449062381,4623.082425882225,5143.607470788463,
YOLOv3,NNNNNNNNNNNNNNNNNNNNNNNNNNNNNNNNNNNNNNNNNNNNNNNNNNNNNNNNNNNNNNNNNLLLLLLLLLL,{{max}},101.846,892.8140000000001,0.264571,994.66,5110.903176425565,5178.102522901998,520.5250449062381,4623.082425882225,5143.607470788463,
YOLOv3,NNNNNNNNNNNNNNNNNNNNNNNNNNNNNNNNNNNNNNNNNNNNNNNNNNNNNNNNNNNNNNNNNNLLLLLLLLL,{{max}},101.846,892.8140000000001,0.264571,994.66,5110.903176425565,5178.102522901998,520.5250449062381,4623.082425882225,5143.607470788463,
YOLOv3,NNNNNNNNNNNNNNNNNNNNNNNNNNNNNNNNNNNNNNNNNNNNNNNNNNNNNNNNNNNNNNNNNNNLLLLLLLL,{{max}},101.846,892.8140000000001,0.264571,994.66,5110.903176425565,5178.102522901998,520.5250449062381,4623.082425882225,5143.607470788463,
YOLOv3,NNNNNNNNNNNNNNNNNNNNNNNNNNNNNNNNNNNNNNNNNNNNNNNNNNNNNNNNNNNNNNNNNNNNLLLLLLL,{{max}},101.846,892.8140000000001,0.264571,994.66,5110.903176425565,5178.102522901998,520.5250449062381,4623.082425882225,5143.607470788463,
YOLOv3,NNNNNNNNNNNNNNNNNNNNNNNNNNNNNNNNNNNNNNNNNNNNNNNNNNNNNNNNNNNNNNNNNNNNNLLLLLL,{{max}},101.846,8.0,,,,,,,,
YOLOv3,NNNNNNNNNNNNNNNNNNNNNNNNNNNNNNNNNNNNNNNNNNNNNNNNNNNNNNNNNNNNNNNNNNNNNNLLLLL,{{max}},,,,,,,,,,
YOLOv3,NNNNNNNNNNNNNNNNNNNNNNNNNNNNNNNNNNNNNNNNNNNNNNNNNNNNNNNNNNNNNNNNNNNNNNNLLLL,{{max}},,,,,,,,,,
YOLOv3,NNNNNNNNNNNNNNNNNNNNNNNNNNNNNNNNNNNNNNNNNNNNNNNNNNNNNNNNNNNNNNNNNNNNNNNNLLL,{{max}},,,,,,,,,,
YOLOv3,NNNNNNNNNNNNNNNNNNNNNNNNNNNNNNNNNNNNNNNNNNNNNNNNNNNNNNNNNNNNNNNNNNNNNNNNNLL,{{max}},,,,,,,,,,
YOLOv3,NNNNNNNNNNNNNNNNNNNNNNNNNNNNNNNNNNNNNNNNNNNNNNNNNNNNNNNNNNNNNNNNNNNNNNNNNNL,{{max}},,,,,,,,,,
YOLOv3,NNNNNNNNNNNNNNNNNNNNNNNNNNNNNNNNNNNNNNNNNNNNNNNNNNNNNNNNNNNNNNNNNNNNNNNNNNN,{{max}},,,,,,,,,,
