,graph,order,freq,input_time,task_time,output_time,total_time,input_power,task_power,Predicted_Time,Predicted_Power,Predicted_Energy
0,YOLOv3,LLLLLLLLLLLLLLLLLLLLLLLLLLLLLLLLLLLLLLLLLLLLLLLLLLLLLLLLLLLLLLLLLLLLLLLLLLL,{{min}},,,,,,,12266.45949,3619.833493891691,44402.540913367586
1,YOLOv3,NLLLLLLLLLLLLLLLLLLLLLLLLLLLLLLLLLLLLLLLLLLLLLLLLLLLLLLLLLLLLLLLLLLLLLLLLLL,{{min}},,,,,,,13118.820890000005,3608.443186257015,47338.5198522467
2,YOLOv3,NNLLLLLLLLLLLLLLLLLLLLLLLLLLLLLLLLLLLLLLLLLLLLLLLLLLLLLLLLLLLLLLLLLLLLLLLLL,{{min}},,,,,,,12027.279400199997,3620.495035754213,43544.705362053
3,YOLOv3,NNNLLLLLLLLLLLLLLLLLLLLLLLLLLLLLLLLLLLLLLLLLLLLLLLLLLLLLLLLLLLLLLLLLLLLLLLL,{{min}},,,,,,,11545.679746419999,3624.3926889206236,41846.07726154356
4,YOLOv3,NNNNLLLLLLLLLLLLLLLLLLLLLLLLLLLLLLLLLLLLLLLLLLLLLLLLLLLLLLLLLLLLLLLLLLLLLLL,{{min}},,,,,,,11627.382529830002,3615.299904237483,42036.474946626986
5,YOLOv3,NNNNNLLLLLLLLLLLLLLLLLLLLLLLLLLLLLLLLLLLLLLLLLLLLLLLLLLLLLLLLLLLLLLLLLLLLLL,{{min}},,,,,,,10801.731138080002,3619.1586794319555,39093.179001272656
6,YOLOv3,NNNNNNLLLLLLLLLLLLLLLLLLLLLLLLLLLLLLLLLLLLLLLLLLLLLLLLLLLLLLLLLLLLLLLLLLLLL,{{min}},,,,,,,10595.901936699998,3623.78380910026,38397.257881027544
7,YOLOv3,NNNNNNNLLLLLLLLLLLLLLLLLLLLLLLLLLLLLLLLLLLLLLLLLLLLLLLLLLLLLLLLLLLLLLLLLLLL,{{min}},,,,,,,10539.711078460003,3614.817828214971,38099.13551065206
8,YOLOv3,NNNNNNNNLLLLLLLLLLLLLLLLLLLLLLLLLLLLLLLLLLLLLLLLLLLLLLLLLLLLLLLLLLLLLLLLLLL,{{min}},,,,,,,10326.419582470002,3619.1250584171758,37372.603874647015
9,YOLOv3,NNNNNNNNNLLLLLLLLLLLLLLLLLLLLLLLLLLLLLLLLLLLLLLLLLLLLLLLLLLLLLLLLLLLLLLLLLL,{{min}},,,,,,,10271.689447280003,3610.821242081355,37089.234448301526
10,YOLOv3,NNNNNNNNNNLLLLLLLLLLLLLLLLLLLLLLLLLLLLLLLLLLLLLLLLLLLLLLLLLLLLLLLLLLLLLLLLL,{{min}},,,,,,,9700.058633690003,3613.7622115692625,35053.7053404351
11,YOLOv3,NNNNNNNNNNNLLLLLLLLLLLLLLLLLLLLLLLLLLLLLLLLLLLLLLLLLLLLLLLLLLLLLLLLLLLLLLLL,{{min}},,,,,,,9567.624243900002,3614.7119636188663,34584.205817835245
12,YOLOv3,NNNNNNNNNNNNLLLLLLLLLLLLLLLLLLLLLLLLLLLLLLLLLLLLLLLLLLLLLLLLLLLLLLLLLLLLLLL,{{min}},,,,,,,9474.18404555,3611.549057132006,34216.4804568012
13,YOLOv3,NNNNNNNNNNNNNLLLLLLLLLLLLLLLLLLLLLLLLLLLLLLLLLLLLLLLLLLLLLLLLLLLLLLLLLLLLLL,{{min}},,,,,,,9342.004896360002,3612.5451211756176,33748.41421034405
14,YOLOv3,NNNNNNNNNNNNNNLLLLLLLLLLLLLLLLLLLLLLLLLLLLLLLLLLLLLLLLLLLLLLLLLLLLLLLLLLLLL,{{min}},,,,,,,9245.863084600001,3609.314205903777,33371.2249770881
15,YOLOv3,NNNNNNNNNNNNNNNLLLLLLLLLLLLLLLLLLLLLLLLLLLLLLLLLLLLLLLLLLLLLLLLLLLLLLLLLLLL,{{min}},,,,,,,9120.87492188,3610.1707178335387,32927.91556399344
16,YOLOv3,NNNNNNNNNNNNNNNNLLLLLLLLLLLLLLLLLLLLLLLLLLLLLLLLLLLLLLLLLLLLLLLLLLLLLLLLLLL,{{min}},,,,,,,9026.768917800002,3607.375441537648,32562.9445105071
17,YOLOv3,NNNNNNNNNNNNNNNNNLLLLLLLLLLLLLLLLLLLLLLLLLLLLLLLLLLLLLLLLLLLLLLLLLLLLLLLLLL,{{min}},,,,,,,8898.952704560003,3608.036306570002,32107.744448501802
18,YOLOv3,NNNNNNNNNNNNNNNNNNLLLLLLLLLLLLLLLLLLLLLLLLLLLLLLLLLLLLLLLLLLLLLLLLLLLLLLLLL,{{min}},,,,,,,8779.998880690002,3605.761390593222,31658.580973443713
19,YOLOv3,NNNNNNNNNNNNNNNNNNNLLLLLLLLLLLLLLLLLLLLLLLLLLLLLLLLLLLLLLLLLLLLLLLLLLLLLLLL,{{min}},,,,,,,8653.764165100003,3606.809274484073,31212.47684988061
20,YOLOv3,NNNNNNNNNNNNNNNNNNNNLLLLLLLLLLLLLLLLLLLLLLLLLLLLLLLLLLLLLLLLLLLLLLLLLLLLLLL,{{min}},,,,,,,8563.010811670003,3602.8788250487855,30851.490332029665
21,YOLOv3,NNNNNNNNNNNNNNNNNNNNNLLLLLLLLLLLLLLLLLLLLLLLLLLLLLLLLLLLLLLLLLLLLLLLLLLLLLL,{{min}},,,,,,,8421.764276400003,3604.122133477909,30353.067031506816
22,YOLOv3,NNNNNNNNNNNNNNNNNNNNNNLLLLLLLLLLLLLLLLLLLLLLLLLLLLLLLLLLLLLLLLLLLLLLLLLLLLL,{{min}},,,,,,,8313.477693630004,3601.5274287229736,29941.217941685063
23,YOLOv3,NNNNNNNNNNNNNNNNNNNNNNNLLLLLLLLLLLLLLLLLLLLLLLLLLLLLLLLLLLLLLLLLLLLLLLLLLLL,{{min}},,,,,,,8186.006377620001,3602.2119754129267,29487.73020426936
24,YOLOv3,NNNNNNNNNNNNNNNNNNNNNNNNLLLLLLLLLLLLLLLLLLLLLLLLLLLLLLLLLLLLLLLLLLLLLLLLLLL,{{min}},,,,,,,8100.959764650002,3598.530459013577,29151.550460336493
25,YOLOv3,NNNNNNNNNNNNNNNNNNNNNNNNNLLLLLLLLLLLLLLLLLLLLLLLLLLLLLLLLLLLLLLLLLLLLLLLLLL,{{min}},,,,,,,7946.868799440002,3600.106229234675,28609.571867774634
26,YOLOv3,NNNNNNNNNNNNNNNNNNNNNNNNNNLLLLLLLLLLLLLLLLLLLLLLLLLLLLLLLLLLLLLLLLLLLLLLLLL,{{min}},,,,,,,7859.020158750002,3596.3353602271022,28263.672093650246
27,YOLOv3,NNNNNNNNNNNNNNNNNNNNNNNNNNNLLLLLLLLLLLLLLLLLLLLLLLLLLLLLLLLLLLLLLLLLLLLLLLL,{{min}},,,,,,,7353.201753320002,3592.3804971887357,26415.498570520795
28,YOLOv3,NNNNNNNNNNNNNNNNNNNNNNNNNNNNLLLLLLLLLLLLLLLLLLLLLLLLLLLLLLLLLLLLLLLLLLLLLLL,{{min}},,,,,,,7261.939665450002,3593.270713180464,26094.11512074503
29,YOLOv3,NNNNNNNNNNNNNNNNNNNNNNNNNNNNNLLLLLLLLLLLLLLLLLLLLLLLLLLLLLLLLLLLLLLLLLLLLLL,{{min}},,,,,,,7111.774462600002,3590.535400142118,25535.077965791992
30,YOLOv3,NNNNNNNNNNNNNNNNNNNNNNNNNNNNNNLLLLLLLLLLLLLLLLLLLLLLLLLLLLLLLLLLLLLLLLLLLLL,{{min}},,,,,,,7003.279206650002,3592.4353247249605,25158.827610881268
31,YOLOv3,NNNNNNNNNNNNNNNNNNNNNNNNNNNNNNNLLLLLLLLLLLLLLLLLLLLLLLLLLLLLLLLLLLLLLLLLLLL,{{min}},,,,,,,6861.246183000002,3589.554078378067,24628.814218943604
32,YOLOv3,NNNNNNNNNNNNNNNNNNNNNNNNNNNNNNNNLLLLLLLLLLLLLLLLLLLLLLLLLLLLLLLLLLLLLLLLLLL,{{min}},,,,,,,6753.335129240001,3591.382576294796,24253.8101150321
33,YOLOv3,NNNNNNNNNNNNNNNNNNNNNNNNNNNNNNNNNLLLLLLLLLLLLLLLLLLLLLLLLLLLLLLLLLLLLLLLLLL,{{min}},,,,,,,6604.659203520002,3588.9766845814815,23703.967891039785
34,YOLOv3,NNNNNNNNNNNNNNNNNNNNNNNNNNNNNNNNNNLLLLLLLLLLLLLLLLLLLLLLLLLLLLLLLLLLLLLLLLL,{{min}},,,,,,,6504.342981990001,3590.2964223132412,23352.51933773694
35,YOLOv3,NNNNNNNNNNNNNNNNNNNNNNNNNNNNNNNNNNNLLLLLLLLLLLLLLLLLLLLLLLLLLLLLLLLLLLLLLLL,{{min}},,,,,,,6360.81740306,3587.8817623163786,22821.860753863606
36,YOLOv3,NNNNNNNNNNNNNNNNNNNNNNNNNNNNNNNNNNNNLLLLLLLLLLLLLLLLLLLLLLLLLLLLLLLLLLLLLLL,{{min}},,,,,,,6248.400963150001,3589.951972811308,22431.459364576425
37,YOLOv3,NNNNNNNNNNNNNNNNNNNNNNNNNNNNNNNNNNNNNLLLLLLLLLLLLLLLLLLLLLLLLLLLLLLLLLLLLLL,{{min}},,,,,,,6099.194712040001,3586.4268329542183,21874.315574672735
38,YOLOv3,NNNNNNNNNNNNNNNNNNNNNNNNNNNNNNNNNNNNNNLLLLLLLLLLLLLLLLLLLLLLLLLLLLLLLLLLLLL,{{min}},,,,,,,5998.610989120001,3588.12164618757,21523.745937120108
39,YOLOv3,NNNNNNNNNNNNNNNNNNNNNNNNNNNNNNNNNNNNNNNLLLLLLLLLLLLLLLLLLLLLLLLLLLLLLLLLLLL,{{min}},,,,,,,5866.511574000002,3584.0443884366214,21025.8378864932
40,YOLOv3,NNNNNNNNNNNNNNNNNNNNNNNNNNNNNNNNNNNNNNNNLLLLLLLLLLLLLLLLLLLLLLLLLLLLLLLLLLL,{{min}},,,,,,,5738.3234838100025,3586.9940620828233,20583.3322627369
41,YOLOv3,NNNNNNNNNNNNNNNNNNNNNNNNNNNNNNNNNNNNNNNNNLLLLLLLLLLLLLLLLLLLLLLLLLLLLLLLLLL,{{min}},,,,,,,5592.731496400001,3582.9600347863907,20038.53343689229
42,YOLOv3,NNNNNNNNNNNNNNNNNNNNNNNNNNNNNNNNNNNNNNNNNNLLLLLLLLLLLLLLLLLLLLLLLLLLLLLLLLL,{{min}},,,,,,,5482.571498430001,3585.2838192212193,19656.57488104452
43,YOLOv3,NNNNNNNNNNNNNNNNNNNNNNNNNNNNNNNNNNNNNNNNNNNLLLLLLLLLLLLLLLLLLLLLLLLLLLLLLLL,{{min}},,,,,,,5332.066580680002,3581.4194871046843,19096.367158587
44,YOLOv3,NNNNNNNNNNNNNNNNNNNNNNNNNNNNNNNNNNNNNNNNNNNNLLLLLLLLLLLLLLLLLLLLLLLLLLLLLLL,{{min}},,,,,,,4845.116038760001,3573.33975357063,17313.24575196377
45,YOLOv3,NNNNNNNNNNNNNNNNNNNNNNNNNNNNNNNNNNNNNNNNNNNNNLLLLLLLLLLLLLLLLLLLLLLLLLLLLLL,{{min}},,,,,,,4760.437008520001,3572.6323196683334,17007.29111238379
46,YOLOv3,NNNNNNNNNNNNNNNNNNNNNNNNNNNNNNNNNNNNNNNNNNNNNNLLLLLLLLLLLLLLLLLLLLLLLLLLLLL,{{min}},,,,,,,4598.6280538500005,3566.893956461409,16402.818613291456
47,YOLOv3,NNNNNNNNNNNNNNNNNNNNNNNNNNNNNNNNNNNNNNNNNNNNNNNLLLLLLLLLLLLLLLLLLLLLLLLLLLL,{{min}},,,,,,,4512.1556613,3566.445648119741,16092.357921882238
48,YOLOv3,NNNNNNNNNNNNNNNNNNNNNNNNNNNNNNNNNNNNNNNNNNNNNNNNLLLLLLLLLLLLLLLLLLLLLLLLLLL,{{min}},,,,,,,4352.13352844,3560.289912707043,15494.857100059045
49,YOLOv3,NNNNNNNNNNNNNNNNNNNNNNNNNNNNNNNNNNNNNNNNNNNNNNNNNLLLLLLLLLLLLLLLLLLLLLLLLLL,{{min}},,,,,,,4266.5762064,3559.3480929297407,15186.229883589249
50,YOLOv3,NNNNNNNNNNNNNNNNNNNNNNNNNNNNNNNNNNNNNNNNNNNNNNNNNNLLLLLLLLLLLLLLLLLLLLLLLLL,{{min}},,,,,,,4105.173367210001,3552.3077711243545,14582.83925415282
51,YOLOv3,NNNNNNNNNNNNNNNNNNNNNNNNNNNNNNNNNNNNNNNNNNNNNNNNNNNLLLLLLLLLLLLLLLLLLLLLLLL,{{min}},,,,,,,4016.073277500001,3551.537637803194,14263.235401216885
52,YOLOv3,NNNNNNNNNNNNNNNNNNNNNNNNNNNNNNNNNNNNNNNNNNNNNNNNNNNNLLLLLLLLLLLLLLLLLLLLLLL,{{min}},,,,,,,3854.51490993,3543.3686528354438,13657.967303732796
53,YOLOv3,NNNNNNNNNNNNNNNNNNNNNNNNNNNNNNNNNNNNNNNNNNNNNNNNNNNNNLLLLLLLLLLLLLLLLLLLLLL,{{min}},,,,,,,3767.626629600001,3541.898483521165,13344.551045854201
54,YOLOv3,NNNNNNNNNNNNNNNNNNNNNNNNNNNNNNNNNNNNNNNNNNNNNNNNNNNNNNLLLLLLLLLLLLLLLLLLLLL,{{min}},,,,,,,3601.6034638900005,3533.216802240745,12725.245873624617
55,YOLOv3,NNNNNNNNNNNNNNNNNNNNNNNNNNNNNNNNNNNNNNNNNNNNNNNNNNNNNNNLLLLLLLLLLLLLLLLLLLL,{{min}},,,,,,,3516.5407498600002,3531.308380743417,12417.989821206358
56,YOLOv3,NNNNNNNNNNNNNNNNNNNNNNNNNNNNNNNNNNNNNNNNNNNNNNNNNNNNNNNNLLLLLLLLLLLLLLLLLLL,{{min}},,,,,,,3354.0835820499997,3522.116812995169,11813.474176529366
57,YOLOv3,NNNNNNNNNNNNNNNNNNNNNNNNNNNNNNNNNNNNNNNNNNNNNNNNNNNNNNNNNLLLLLLLLLLLLLLLLLL,{{min}},,,,,,,3058.7956796800004,3571.553041796926,10924.651013996401
58,YOLOv3,NNNNNNNNNNNNNNNNNNNNNNNNNNNNNNNNNNNNNNNNNNNNNNNNNNNNNNNNNNLLLLLLLLLLLLLLLLL,{{min}},,,,,,,3151.0229722599997,3613.984910235299,11387.74947355242
59,YOLOv3,NNNNNNNNNNNNNNNNNNNNNNNNNNNNNNNNNNNNNNNNNNNNNNNNNNNNNNNNNNNLLLLLLLLLLLLLLLL,{{min}},,,,,,,3082.2916396600003,3568.4659794340173,10999.052854820606
60,YOLOv3,NNNNNNNNNNNNNNNNNNNNNNNNNNNNNNNNNNNNNNNNNNNNNNNNNNNNNNNNNNNNLLLLLLLLLLLLLLL,{{min}},,,,,,,3129.09135293,3512.107614670881,10989.705567626263
61,YOLOv3,NNNNNNNNNNNNNNNNNNNNNNNNNNNNNNNNNNNNNNNNNNNNNNNNNNNNNNNNNNNNNLLLLLLLLLLLLLL,{{min}},,,,,,,2945.7003494000005,3507.1738542017024,10331.083247728502
62,YOLOv3,NNNNNNNNNNNNNNNNNNNNNNNNNNNNNNNNNNNNNNNNNNNNNNNNNNNNNNNNNNNNNNLLLLLLLLLLLLL,{{min}},,,,,,,2778.0613256399997,3500.4345335704093,9724.421800646645
63,YOLOv3,NNNNNNNNNNNNNNNNNNNNNNNNNNNNNNNNNNNNNNNNNNNNNNNNNNNNNNNNNNNNNNNLLLLLLLLLLLL,{{min}},,,,,,,2659.0655358,3496.7943108356117,9298.205237724487
64,YOLOv3,NNNNNNNNNNNNNNNNNNNNNNNNNNNNNNNNNNNNNNNNNNNNNNNNNNNNNNNNNNNNNNNNLLLLLLLLLLL,{{min}},,,,,,,2501.39645289,3490.853637337452,8732.008905994056
65,YOLOv3,NNNNNNNNNNNNNNNNNNNNNNNNNNNNNNNNNNNNNNNNNNNNNNNNNNNNNNNNNNNNNNNNNLLLLLLLLLL,{{min}},,,,,,,2102.9786719200006,3584.1393879840875,7537.36869011894
66,YOLOv3,NNNNNNNNNNNNNNNNNNNNNNNNNNNNNNNNNNNNNNNNNNNNNNNNNNNNNNNNNNNNNNNNNNLLLLLLLLL,{{min}},,,,,,,2304.5539995800004,3774.2582645311013,8697.98197897302
67,YOLOv3,NNNNNNNNNNNNNNNNNNNNNNNNNNNNNNNNNNNNNNNNNNNNNNNNNNNNNNNNNNNNNNNNNNNLLLLLLLL,{{min}},,,,,,,2216.3405162,3676.6017584354177,8148.601439152581
68,YOLOv3,NNNNNNNNNNNNNNNNNNNNNNNNNNNNNNNNNNNNNNNNNNNNNNNNNNNNNNNNNNNNNNNNNNNNLLLLLLL,{{min}},,,,,,,2460.62374828,3484.731256667825,8574.61248653046
69,YOLOv3,NNNNNNNNNNNNNNNNNNNNNNNNNNNNNNNNNNNNNNNNNNNNNNNNNNNNNNNNNNNNNNNNNNNNNLLLLLL,{{min}},,,,,,,2008.9774216399999,3480.1618926258484,6991.566665937258
70,YOLOv3,NNNNNNNNNNNNNNNNNNNNNNNNNNNNNNNNNNNNNNNNNNNNNNNNNNNNNNNNNNNNNNNNNNNNNNLLLLL,{{min}},,,,,,,1836.2995101800002,3462.6771488421223,6358.512352330269
71,YOLOv3,NNNNNNNNNNNNNNNNNNNNNNNNNNNNNNNNNNNNNNNNNNNNNNNNNNNNNNNNNNNNNNNNNNNNNNNLLLL,{{min}},,,,,,,1704.0998733000006,3453.031783614896,5884.31102495902
72,YOLOv3,NNNNNNNNNNNNNNNNNNNNNNNNNNNNNNNNNNNNNNNNNNNNNNNNNNNNNNNNNNNNNNNNNNNNNNNNLLL,{{min}},,,,,,,1560.34687242,3431.386264194513,5354.152825400855
73,YOLOv3,NNNNNNNNNNNNNNNNNNNNNNNNNNNNNNNNNNNNNNNNNNNNNNNNNNNNNNNNNNNNNNNNNNNNNNNNNLL,{{min}},,,,,,,1426.2547270400005,3418.1383077969545,4875.135919171915
74,YOLOv3,NNNNNNNNNNNNNNNNNNNNNNNNNNNNNNNNNNNNNNNNNNNNNNNNNNNNNNNNNNNNNNNNNNNNNNNNNNL,{{min}},,,,,,,1273.98166728,3386.9903305730704,4314.963588404718
75,YOLOv3,NNNNNNNNNNNNNNNNNNNNNNNNNNNNNNNNNNNNNNNNNNNNNNNNNNNNNNNNNNNNNNNNNNNNNNNNNNN,{{min}},,,,,,,994.9064713399999,3361.7987167421343,3344.6752986292568
