Unnamed: 0,graph,order,freq,predict_total_time,predict_average_power,input_time,task_time,total_time,input_power,task_power,input_e,task_e,total_e
0,YOLOv3,LBNNNBLLLBLLNLLLLLBNLLLBLBLLLLLLLLLLLBBLNLLLLLLBLBNLLBLBLLLGBLLLLNGLNBNBBBB,"((1,), (0,), (0,), (0,), (0,), (2,), (0,), (2,), (1,), (0,), (0,), (0,), (0,), (0,), (3,), (1,), (3,), (1,), (0,), (0,), (1,), (0,), (1,), (0,), (0,), (0,), (1,), (1,), (3,), (3,), (1,), (0,), (0,), (0,), (2,), (0,), (0,), (0,), (0,), (0,), (0,), (4,), (0,), (1,), (0,), (0,), (1,), (0,), (2,), (0,), (0,), (1,), (0,), (0,), (1,), (1,), (0,), (0,), (2,), (0, 7), (0,), (0,), (1,), (0,), (2,), (0,), (2, 7), (1,), (0,), (0,), (0,), (0,), (0,), (0,), (0,))",13475.1360823014,3540.5293947649,605.285,14967.314400000005,15572.599400000005,3076.068281417808,3507.2951495291827,1861.897989717978,52494.7891965983,54356.68718631628
1,YOLOv3,LLLLLLLLLLLLLLLLLLLLLLLLLLLLLLLLLLLLLLLLLLLLLLLLLLLLLLLLLLLLLLLLLNLLLLLLLLL,"((5,), (5,), (4,), (5,), (5,), (5,), (5,), (5,), (5,), (4,), (4,), (5,), (5,), (4,), (4,), (4,), (4,), (3,), (4,), (4,), (5,), (3,), (5,), (4,), (4,), (5,), (4,), (5,), (5,), (5,), (5,), (5,), (4,), (5,), (5,), (4,), (5,), (4,), (5,), (5,), (5,), (5,), (4,), (4,), (4,), (5,), (4,), (4,), (5,), (5,), (4,), (4,), (5,), (4,), (4,), (5,), (5,), (5,), (5,), (5,), (5,), (4,), (4,), (5,), (5,), (0,), (4,), (5,), (5,), (4,), (4,), (4,), (4,), (5,), (5,))",4465.92886690512,5209.76586192104,256.054,4394.503000000001,4650.557000000001,3365.0855514700497,5116.018259334651,861.643615796112,22482.357588700903,23344.001204497017
2,YOLOv3,LLNNNLLLLBLLLLLLLLLNLLLBLBLLLLLLLLLLLBBLNLLLLLLBLBNLLLLLLLLGBLLLLNLLLBNBBBL,"((1,), (1,), (0,), (0,), (0,), (2,), (0,), (0,), (1,), (0,), (0,), (2,), (3,), (2,), (3,), (1,), (4,), (2,), (3,), (0,), (1,), (2,), (1,), (0,), (1,), (0,), (1,), (2,), (1,), (3,), (1,), (3,), (1,), (0,), (2,), (1,), (2,), (0,), (0,), (1,), (0,), (2,), (3,), (1,), (1,), (0,), (3,), (0,), (2,), (0,), (0,), (2,), (1,), (1,), (1,), (1,), (0,), (0,), (5,), (0, 7), (0,), (0,), (1,), (0,), (2,), (0,), (1,), (4,), (1,), (0,), (0,), (0,), (0,), (0,), (2,))",11212.1662970678,3617.08566414349,604.001,11856.972300000005,12460.973300000003,3183.1277856239512,3683.875119558164,1922.612365644652,43679.60524926035,45602.217614905
3,YOLOv3,LLNNNLLLLLLLLLLLLLLLLLLLLLLLLLLLLLLLLLBLNLLLLLLLLLLLLLLLLLLLLLLLLNLLLLLLBLL,"((4,), (2,), (0,), (0,), (0,), (3,), (2,), (4,), (1,), (1,), (1,), (2,), (3,), (2,), (2,), (3,), (3,), (2,), (4,), (2,), (4,), (2,), (3,), (3,), (4,), (1,), (2,), (2,), (3,), (3,), (4,), (3,), (2,), (1,), (3,), (4,), (3,), (3,), (0,), (0,), (0,), (4,), (3,), (1,), (4,), (3,), (3,), (1,), (2,), (4,), (3,), (3,), (1,), (3,), (3,), (1,), (2,), (3,), (4,), (3,), (3,), (1,), (1,), (1,), (3,), (0,), (1,), (4,), (4,), (2,), (1,), (3,), (1,), (3,), (3,))",7062.06646904876,3998.80892300712,302.178,7738.243100000001,8040.4211,3323.8933035556333,3980.492920507505,1004.407430681834,30802.021876716048,31806.42930739788
4,YOLOv3,LLLLLLLLLLLLLLLLLLLLLLLLLLLLLLLLLLLLLLLLLLLLLLLLLLLLLLLLLLLLLLLLLNLLLLLLLLL,"((5,), (3,), (4,), (4,), (4,), (5,), (4,), (5,), (4,), (3,), (2,), (4,), (5,), (3,), (4,), (4,), (3,), (3,), (4,), (4,), (4,), (2,), (3,), (4,), (4,), (4,), (3,), (2,), (4,), (4,), (4,), (3,), (4,), (4,), (2,), (4,), (3,), (4,), (4,), (5,), (3,), (4,), (4,), (3,), (4,), (1,), (4,), (3,), (4,), (4,), (3,), (3,), (5,), (3,), (4,), (5,), (5,), (3,), (5,), (4,), (5,), (4,), (4,), (5,), (5,), (0,), (5,), (5,), (4,), (3,), (4,), (4,), (5,), (4,), (5,))",4938.84578085864,4739.94881302153,256.219,4882.450000000001,5138.669000000001,3358.499497688412,4732.868372917707,860.5113827982273,23107.993187352065,23968.504570150293
5,YOLOv3,LLNNNLLLLLLLLLLLLLLLLLLLLLLLLLLLLLLLLLBLLLLLLLLLLLLLLLLLLLLLLLLLLNLLLLLLBLL,"((4,), (2,), (0,), (0,), (0,), (3,), (3,), (4,), (1,), (2,), (1,), (1,), (5,), (2,), (4,), (3,), (3,), (2,), (2,), (2,), (4,), (2,), (3,), (3,), (4,), (1,), (3,), (2,), (3,), (3,), (3,), (3,), (2,), (3,), (3,), (4,), (3,), (2,), (0,), (1,), (0,), (4,), (3,), (1,), (3,), (3,), (3,), (1,), (2,), (4,), (3,), (3,), (1,), (3,), (3,), (2,), (1,), (3,), (4,), (3,), (3,), (1,), (1,), (1,), (3,), (0,), (1,), (4,), (4,), (2,), (1,), (3,), (1,), (3,), (3,))",6878.73413814125,4039.56193766321,302.088,7630.9670000000015,7933.055000000001,3292.612559905155,3973.569584248339,994.6587429966286,30322.178369602803,31316.83711259943
6,YOLOv3,LLLLLLLLLLLLLLLLLLLLLLLLLLLLLLLLLLLLLLLLLLLLLLLLLLLLLLLLLLLLLLLLLNLLLLLLLLL,"((5,), (5,), (4,), (4,), (4,), (5,), (5,), (5,), (5,), (4,), (4,), (4,), (5,), (4,), (4,), (4,), (4,), (3,), (4,), (4,), (5,), (3,), (5,), (4,), (4,), (5,), (4,), (5,), (5,), (5,), (4,), (5,), (4,), (5,), (5,), (4,), (5,), (4,), (5,), (5,), (4,), (4,), (4,), (4,), (4,), (5,), (5,), (4,), (4,), (5,), (4,), (4,), (5,), (4,), (4,), (5,), (5,), (5,), (5,), (5,), (5,), (4,), (4,), (5,), (5,), (0,), (4,), (5,), (5,), (4,), (4,), (4,), (5,), (4,), (5,))",4527.23150350651,5112.43740828086,256.066,4450.732000000001,4706.798000000001,3359.21998142346,5133.01153774061,860.1820237631796,22845.658707391343,23705.840731154523
7,YOLOv3,LLNNNLLLLLLLLLLLLLLLLLLLLLLLLLLLLLLLLLBLNLLLLLLLLLLLLLLLLLLLLLLLLNLLLLLLBLL,"((4,), (2,), (0,), (0,), (0,), (4,), (2,), (3,), (2,), (2,), (1,), (1,), (5,), (3,), (3,), (4,), (4,), (2,), (3,), (2,), (4,), (2,), (3,), (3,), (1,), (1,), (1,), (2,), (2,), (3,), (2,), (4,), (1,), (4,), (2,), (4,), (2,), (3,), (0,), (1,), (0,), (5,), (3,), (1,), (1,), (3,), (4,), (3,), (2,), (3,), (3,), (2,), (1,), (1,), (2,), (2,), (2,), (3,), (4,), (3,), (3,), (1,), (1,), (1,), (3,), (0,), (1,), (3,), (1,), (2,), (1,), (2,), (1,), (3,), (3,))",7152.15212782416,3977.85276082882,302.382,7883.0961,8185.478099999999,3286.173626643744,3965.3392423489418,993.6797535717884,31259.150316537896,32252.830070109685
8,YOLOv3,LLLLLLLLLLLLLLLLLLLLLLLLLLLLLLLLLLLLLLLLLLLLLLLLLLLLLLLLLLLLLLLLLNLLLLLLLLL,"((5,), (5,), (3,), (4,), (4,), (5,), (4,), (5,), (5,), (4,), (4,), (5,), (5,), (4,), (4,), (4,), (4,), (4,), (3,), (4,), (4,), (3,), (3,), (4,), (4,), (5,), (3,), (5,), (5,), (5,), (4,), (5,), (4,), (5,), (5,), (4,), (5,), (4,), (5,), (5,), (4,), (4,), (4,), (4,), (4,), (5,), (4,), (4,), (4,), (5,), (4,), (4,), (5,), (4,), (4,), (4,), (5,), (5,), (5,), (5,), (5,), (4,), (4,), (5,), (5,), (0,), (2,), (5,), (5,), (4,), (4,), (4,), (5,), (4,), (5,))",4571.83973833892,5066.48552715478,256.288,4496.927,4753.215,3405.020369236168,5099.72133200168,872.665860390799,22933.07455035432,23805.74041074512
9,YOLOv3,LLLLLLLLLLLLLLLLLLLLLLLLLLLLLLLLLLLLLLLLLLLLLLLLLLLLLLLLLLLLLLLLLNLLLLLLLLL,"((4,), (3,), (2,), (2,), (3,), (4,), (2,), (3,), (4,), (2,), (1,), (4,), (5,), (3,), (3,), (4,), (3,), (3,), (3,), (4,), (4,), (2,), (3,), (3,), (1,), (0,), (1,), (4,), (4,), (2,), (3,), (3,), (2,), (3,), (2,), (3,), (2,), (3,), (2,), (5,), (3,), (3,), (3,), (3,), (1,), (3,), (3,), (1,), (2,), (4,), (3,), (2,), (5,), (3,), (3,), (2,), (2,), (3,), (5,), (3,), (4,), (1,), (1,), (1,), (3,), (0,), (1,), (4,), (4,), (4,), (4,), (3,), (4,), (3,), (5,))",5780.65578411447,4342.3876868051,256.238,5710.561,5966.799,3388.7737336627865,4374.36954096222,868.3326039662851,24980.10410020675,25848.43670417304
10,YOLOv3,LLNNNBLLLBLLLLLLLLLLLLLBLBLLLLLLLLLLLBBLNLLLLLLBLBNLLBLLLLLBBLLLLNLLLBLBBBL,"((1,), (1,), (0,), (0,), (0,), (1,), (0,), (2,), (1,), (0,), (0,), (0,), (2,), (0,), (3,), (0,), (3,), (0,), (1,), (1,), (1,), (1,), (3,), (0,), (1,), (0,), (1,), (2,), (2,), (3,), (1,), (3,), (1,), (1,), (2,), (3,), (0,), (0,), (0,), (0,), (0,), (2,), (0,), (1,), (1,), (0,), (3,), (0,), (2,), (0,), (0,), (2,), (0,), (0,), (2,), (0,), (0,), (0,), (3,), (0,), (0,), (0,), (1,), (1,), (3,), (0,), (1,), (1,), (0,), (0,), (0,), (0,), (0,), (0,), (2,))",11464.8075299229,3601.48966669276,604.035,12217.539,12821.574,3124.3363537716914,3611.984061231419,1887.208509450484,44129.55613547325,46016.764644923736
11,YOLOv3,LLLLLLLLLLLLLLLLLLLLLLLLLLLLLLLLLLLLLLLLLLLLLLLLLLLLLLLLLLLLLLLLLNLLLLLLLLL,"((4,), (3,), (3,), (2,), (2,), (5,), (2,), (2,), (2,), (2,), (2,), (4,), (5,), (4,), (3,), (3,), (4,), (2,), (3,), (3,), (4,), (2,), (3,), (4,), (1,), (1,), (2,), (4,), (4,), (4,), (3,), (3,), (2,), (4,), (2,), (3,), (2,), (2,), (3,), (1,), (3,), (3,), (4,), (3,), (3,), (3,), (4,), (2,), (2,), (4,), (3,), (3,), (4,), (3,), (3,), (2,), (1,), (3,), (4,), (4,), (3,), (4,), (1,), (3,), (2,), (0,), (1,), (4,), (2,), (3,), (4,), (3,), (3,), (4,), (2,))",5638.93263776861,4361.12527170069,443.947,5714.1810000000005,6158.128000000001,3119.325504688463,4355.674251765175,1384.815199829929,24889.11105162578,26273.92625145571
12,YOLOv3,LLNNNLLLLLLLLLLLLLLLLLLBLBLLLLLLLLLLLBBLNLLLLLLBLBNLLLLBLLLBBLLLLNLLLLLBBBL,"((1,), (1,), (0,), (0,), (0,), (3,), (0,), (3,), (1,), (1,), (0,), (1,), (3,), (1,), (2,), (1,), (3,), (2,), (1,), (1,), (1,), (1,), (2,), (0,), (0,), (0,), (1,), (1,), (3,), (3,), (1,), (3,), (1,), (0,), (2,), (2,), (2,), (1,), (0,), (0,), (0,), (3,), (1,), (1,), (1,), (0,), (3,), (0,), (2,), (0,), (0,), (2,), (4,), (1,), (1,), (0,), (0,), (1,), (3,), (0,), (0,), (1,), (1,), (0,), (2,), (0,), (1,), (1,), (3,), (2,), (1,), (1,), (0,), (0,), (2,))",10010.7633790193,3674.13927141439,604.38,10826.7841,11431.1641,3116.6381847161765,3664.645549114236,1883.6337860787628,39676.326163285776,41559.95994936454
13,YOLOv3,LLLLLLLLLLLLLLLLLLLLLLLLLLLLLLLLLLLLLLLLLLLLLLLLLLLLLLLLLLLLLLLLLNLLLLLLLLL,"((5,), (4,), (4,), (5,), (4,), (5,), (4,), (5,), (4,), (3,), (2,), (4,), (5,), (4,), (4,), (4,), (2,), (3,), (4,), (3,), (5,), (3,), (4,), (4,), (4,), (4,), (4,), (4,), (4,), (5,), (4,), (5,), (4,), (4,), (4,), (4,), (3,), (3,), (5,), (4,), (4,), (5,), (4,), (4,), (4,), (5,), (4,), (3,), (4,), (5,), (3,), (4,), (5,), (4,), (5,), (5,), (5,), (5,), (5,), (5,), (4,), (4,), (4,), (5,), (5,), (0,), (4,), (5,), (5,), (4,), (4,), (4,), (4,), (4,), (5,))",4666.70793011011,4946.68537219396,256.309,4599.759999999999,4856.069,3366.193121550362,4973.400639913698,862.7855927914518,22876.449327449427,23739.23492024088
14,YOLOv3,LLLLLLLLLLLLLLLLLLLLLLLLLLLLLLLLLLLLLLLLLLLLLLLLLLLLLLLLLLLLLLLLLNLLLLLLLLL,"((5,), (3,), (4,), (4,), (4,), (5,), (5,), (5,), (4,), (2,), (2,), (4,), (5,), (4,), (4,), (4,), (4,), (3,), (3,), (4,), (4,), (3,), (3,), (4,), (4,), (4,), (2,), (4,), (4,), (4,), (4,), (5,), (4,), (4,), (2,), (4,), (3,), (3,), (4,), (4,), (4,), (4,), (4,), (4,), (4,), (3,), (4,), (4,), (4,), (4,), (3,), (4,), (5,), (4,), (3,), (4,), (4,), (5,), (5,), (4,), (4,), (4,), (3,), (5,), (5,), (0,), (2,), (5,), (4,), (3,), (4,), (4,), (4,), (4,), (5,))",4880.69465283536,4776.88441776827,256.311,4810.058000000001,5066.369000000001,3391.3085755467405,4816.969663783542,869.2296923069606,23169.90346703934,24039.1331593463
15,YOLOv3,LLLLLLLLLLLLLLLLLLLLLLLLLLLLLLLLLLLLLLLLLLLLLLLLLLLLLLLLLLLLLLLLLNLLLLLLLLL,"((4,), (3,), (3,), (4,), (2,), (5,), (3,), (4,), (4,), (3,), (2,), (3,), (4,), (3,), (4,), (3,), (4,), (2,), (3,), (4,), (4,), (3,), (4,), (3,), (5,), (1,), (3,), (4,), (4,), (3,), (4,), (3,), (4,), (3,), (2,), (3,), (3,), (3,), (1,), (1,), (3,), (4,), (4,), (3,), (3,), (3,), (3,), (2,), (2,), (4,), (3,), (3,), (5,), (2,), (3,), (2,), (1,), (3,), (5,), (4,), (3,), (4,), (1,), (4,), (4,), (0,), (1,), (4,), (2,), (3,), (4,), (3,), (4,), (4,), (3,))",5382.04298706932,4475.08585708112,359.533,5490.969999999999,5850.503,3188.448110310173,4469.744274966603,1146.352314444148,24543.23172151337,25689.58403595752
16,YOLOv3,LLNNNBLLLBLLNLLLLLBNLLLBLBLLLLLLLLLLLBBLNLLLLLLBLBNLLBLLLLLGBLLLLNGLNBGBBBB,"((1,), (1,), (0,), (0,), (0,), (2,), (0,), (0,), (1,), (0,), (0,), (0,), (0,), (0,), (2,), (0,), (3,), (1,), (0,), (0,), (1,), (0,), (1,), (0,), (0,), (0,), (1,), (1,), (3,), (3,), (1,), (0,), (1,), (0,), (2,), (0,), (0,), (0,), (0,), (0,), (0,), (2,), (0,), (1,), (1,), (0,), (1,), (0,), (2,), (0,), (0,), (1,), (0,), (0,), (1,), (1,), (0,), (0,), (3,), (0, 7), (0,), (0,), (1,), (0,), (2,), (0,), (2, 7), (0,), (0,), (0,), (0, 7), (0,), (0,), (0,), (0,))",12836.3822948644,3558.24520176369,604.375,13771.7802,14376.1552,3126.959357978344,3578.2488041678903,1889.8560619781613,49278.85603191303,51168.71209389119
17,YOLOv3,LLLLLLLLLLLLLLLLLLLLLLLLLLLLLLLLLLLLLLLLLLLLLLLLLLLLLLLLLLLLLLLLLNLLLLLLLLL,"((4,), (3,), (2,), (4,), (3,), (4,), (4,), (4,), (4,), (2,), (1,), (4,), (5,), (4,), (4,), (4,), (4,), (3,), (3,), (4,), (4,), (2,), (5,), (3,), (4,), (1,), (3,), (4,), (4,), (4,), (4,), (4,), (4,), (3,), (2,), (3,), (3,), (4,), (2,), (5,), (3,), (4,), (4,), (3,), (4,), (3,), (3,), (1,), (2,), (5,), (3,), (3,), (5,), (3,), (3,), (2,), (2,), (3,), (5,), (3,), (4,), (1,), (1,), (3,), (3,), (0,), (2,), (5,), (4,), (4,), (4,), (3,), (4,), (3,), (5,))",5321.47272824376,4524.429061214,256.265,5208.339000000001,5464.604000000001,3379.1860657597467,4588.267022567287,865.9671171419214,23897.250076051085,24763.21719319301
18,YOLOv3,LLNNNLLLLBLLLLLLLLLLLLLBLLLLLLLLLLLLLBBLNLLLLLLBLBNLLLLLLLLGBLLLLNLLLBLBBBL,"((1,), (1,), (0,), (0,), (0,), (3,), (0,), (2,), (1,), (0,), (0,), (1,), (3,), (1,), (3,), (1,), (3,), (1,), (2,), (1,), (1,), (1,), (2,), (0,), (0,), (0,), (1,), (1,), (2,), (3,), (0,), (3,), (1,), (0,), (2,), (0,), (0,), (1,), (0,), (0,), (0,), (2,), (0,), (1,), (0,), (0,), (1,), (0,), (2,), (0,), (0,), (3,), (1,), (1,), (1,), (1,), (0,), (1,), (2,), (2, 7), (0,), (0,), (1,), (0,), (2,), (0,), (2,), (0,), (2,), (0,), (1,), (0,), (0,), (0,), (2,))",10927.3989997848,3626.32204406415,604.086,11721.114700000002,12325.2007,3114.474095320322,3619.578481957823,1881.410198345672,42425.494552679535,44306.904751025206
19,YOLOv3,LLNNNLLLLLLLLLLLLLLLLLLLLLLLLLLLLLLLLLBLNLLLLLLLLLLLLLLLLLLLLLLLLNLLLLLLBLL,"((4,), (2,), (0,), (0,), (0,), (3,), (2,), (2,), (2,), (2,), (1,), (1,), (5,), (3,), (3,), (3,), (3,), (0,), (3,), (2,), (4,), (2,), (3,), (3,), (1,), (1,), (1,), (2,), (2,), (3,), (2,), (3,), (1,), (4,), (2,), (4,), (2,), (2,), (0,), (0,), (0,), (5,), (3,), (1,), (1,), (3,), (3,), (2,), (2,), (3,), (3,), (2,), (0,), (1,), (2,), (2,), (1,), (3,), (4,), (3,), (3,), (1,), (1,), (1,), (3,), (0,), (1,), (3,), (1,), (2,), (1,), (3,), (1,), (3,), (3,))",7311.81342224316,3950.82002617205,302.286,8009.946599999999,8312.2326,3272.8220904870645,3940.2349327559937,989.3282984449728,31561.071402830097,32550.39970127507
20,YOLOv3,LLNNNLLLLBLLLLLLLLBNLLLBLBLLLLLLLLLLLBBLNLLLLLLBLBNLLLLBLLLGBLLLLNLLLBNBBBL,"((1,), (1,), (0,), (0,), (0,), (2,), (0,), (0,), (1,), (0,), (0,), (1,), (3,), (1,), (3,), (1,), (4,), (1,), (1,), (0,), (1,), (2,), (1,), (0,), (1,), (0,), (1,), (2,), (1,), (0,), (1,), (3,), (1,), (0,), (2,), (1,), (2,), (0,), (0,), (0,), (0,), (2,), (0,), (1,), (1,), (0,), (3,), (0,), (2,), (0,), (0,), (2,), (1,), (1,), (1,), (0,), (0,), (0,), (5,), (0, 7), (0,), (0,), (1,), (0,), (2,), (0,), (1,), (4,), (1,), (0,), (0,), (0,), (0,), (0,), (0,))",11791.7329722031,3587.77324804456,603.881,12649.972999999996,13253.853999999996,3121.3543148239232,3584.591046895985,1884.9265649901847,45344.97995927594,47229.90652426612
21,YOLOv3,LLLLLLLLLLLLLLLLLLLLLLLLLLLLLLLLLLLLLLLLLLLLLLLLLLLLLLLLLLLLLLLLLNLLLLLLLLL,"((5,), (4,), (4,), (4,), (4,), (5,), (5,), (5,), (4,), (3,), (2,), (4,), (5,), (4,), (4,), (4,), (4,), (3,), (4,), (4,), (5,), (3,), (5,), (4,), (4,), (4,), (4,), (4,), (4,), (4,), (4,), (5,), (4,), (4,), (2,), (4,), (3,), (3,), (4,), (4,), (4,), (5,), (4,), (4,), (4,), (3,), (4,), (4,), (4,), (4,), (3,), (4,), (5,), (4,), (5,), (5,), (4,), (5,), (5,), (5,), (4,), (4,), (3,), (5,), (5,), (0,), (4,), (5,), (4,), (4,), (4,), (4,), (4,), (4,), (5,))",4712.14611379541,4900.21347950678,256.107,4648.552000000001,4904.659000000001,3402.861118422496,4942.029400182277,871.4965524558303,22973.280652276124,23844.77720473196
22,YOLOv3,LLNNNLLLLLLLLLLLLLLLLLLLLLLLLLLLLLLLLBBLNLLLLLLLLBLLLLLLLLLLLLLLLNLLLLLLBBL,"((1,), (2,), (0,), (0,), (0,), (3,), (2,), (3,), (1,), (1,), (0,), (1,), (2,), (1,), (1,), (1,), (4,), (2,), (2,), (2,), (1,), (1,), (3,), (1,), (1,), (1,), (1,), (2,), (2,), (3,), (2,), (3,), (1,), (3,), (2,), (2,), (2,), (1,), (0,), (0,), (0,), (4,), (1,), (1,), (0,), (3,), (3,), (1,), (2,), (0,), (4,), (2,), (0,), (1,), (1,), (0,), (1,), (3,), (3,), (3,), (2,), (1,), (1,), (1,), (3,), (0,), (1,), (0,), (1,), (2,), (1,), (3,), (1,), (0,), (0,))",8761.67358746103,3769.34721126269,603.979,9380.624,9984.603,3117.1198692753246,3734.291902596605,1882.6749415250413,35029.98824450337,36912.66318602841
23,YOLOv3,LLNNNLLLLLLLLLLLLLLLLLLLLLLLLLLLLLLLLBBLNLLLLLLLLBNLLLLLLLLLLLLLLNLLLLLLBLL,"((1,), (1,), (0,), (0,), (0,), (2,), (0,), (4,), (1,), (1,), (0,), (2,), (2,), (1,), (3,), (1,), (3,), (2,), (2,), (2,), (1,), (2,), (3,), (2,), (1,), (0,), (1,), (2,), (3,), (0,), (2,), (3,), (1,), (3,), (2,), (2,), (2,), (1,), (0,), (1,), (0,), (4,), (3,), (1,), (1,), (0,), (3,), (1,), (2,), (0,), (0,), (2,), (4,), (1,), (1,), (1,), (0,), (1,), (3,), (2,), (2,), (1,), (1,), (1,), (2,), (0,), (1,), (0,), (2,), (1,), (1,), (2,), (0,), (2,), (0,))",8908.72344557518,3753.71645781537,604.089,9428.6141,10032.7031,3110.9800004269346,3734.539841780839,1879.3087974779064,35211.53500922658,37090.84380670448
24,YOLOv3,LLNNNLLLLLLLLLLLLLLLLLLBLLLLLLLLLLLLLBBLNLLLLLLBLBNLLLLLLLLLBLLLLNLLLLLBBBL,"((1,), (1,), (0,), (0,), (0,), (3,), (2,), (3,), (1,), (1,), (0,), (2,), (3,), (1,), (2,), (1,), (4,), (0,), (3,), (2,), (1,), (1,), (2,), (0,), (1,), (0,), (1,), (2,), (2,), (3,), (1,), (3,), (1,), (3,), (2,), (0,), (2,), (1,), (0,), (0,), (0,), (4,), (1,), (1,), (0,), (0,), (3,), (0,), (2,), (0,), (0,), (2,), (1,), (1,), (1,), (1,), (1,), (1,), (3,), (2,), (0,), (1,), (1,), (0,), (2,), (0,), (1,), (0,), (0,), (1,), (1,), (0,), (1,), (1,), (0,))",9788.0909994586,3687.11975784195,603.933,10496.4029,11100.3359,3108.137637756061,3669.904700068383,1877.1068879829315,38520.79833652141,40397.90522450434
25,YOLOv3,LLLLLLLLLLLLLLLLLLLLLLLLLLLLLLLLLLLLLLLLLLLLLLLLLLLLLLLLLLLLLLLLLNLLLLLLLLL,"((5,), (3,), (4,), (4,), (4,), (5,), (2,), (5,), (2,), (3,), (2,), (4,), (5,), (4,), (4,), (4,), (3,), (3,), (3,), (4,), (5,), (3,), (3,), (4,), (1,), (4,), (2,), (4,), (5,), (3,), (4,), (3,), (4,), (4,), (2,), (5,), (3,), (2,), (2,), (5,), (4,), (5,), (4,), (3,), (4,), (5,), (3,), (2,), (2,), (5,), (4,), (3,), (5,), (3,), (0,), (1,), (3,), (3,), (4,), (4,), (2,), (3,), (4,), (3,), (2,), (0,), (2,), (5,), (3,), (4,), (4,), (3,), (4,), (4,), (5,))",5153.621619904,4621.54536387903,256.101,5106.1,5362.201,3388.12441051962,4652.766247997556,867.7020496584851,23757.489738900324,24625.19178855881
26,YOLOv3,LLNNNLLLLLLLLLLLLLLLLLLLLLLLLLLLLLLLLLBLLLLLLLLLLLLLLLLLLLLLLLLLLNLLLLLLBLL,"((4,), (2,), (0,), (0,), (0,), (4,), (2,), (5,), (1,), (2,), (2,), (3,), (2,), (3,), (4,), (3,), (3,), (3,), (3,), (2,), (4,), (2,), (3,), (3,), (1,), (1,), (1,), (2,), (4,), (4,), (3,), (3,), (4,), (3,), (4,), (4,), (3,), (4,), (1,), (1,), (3,), (5,), (3,), (2,), (3,), (3,), (3,), (2,), (2,), (3,), (3,), (3,), (2,), (3,), (3,), (2,), (2,), (1,), (5,), (2,), (2,), (1,), (4,), (5,), (5,), (0,), (5,), (0,), (4,), (3,), (2,), (3,), (2,), (3,), (2,))",6573.85461928554,4114.93414534588,302.266,7353.08,7655.346,3265.876086461756,4052.1757932579176,987.1633011504492,29795.97278188893,30783.13608303938
27,YOLOv3,LLLLLLLLLLLLLLLLLLLLLLLLLLLLLLLLLLLLLLLLLLLLLLLLLLLLLLLLLLLLLLLLLNLLLLLLLLL,"((4,), (3,), (2,), (4,), (2,), (4,), (2,), (4,), (4,), (2,), (2,), (2,), (5,), (3,), (4,), (4,), (3,), (2,), (3,), (3,), (4,), (2,), (3,), (4,), (1,), (4,), (1,), (2,), (3,), (3,), (4,), (3,), (2,), (3,), (2,), (3,), (3,), (3,), (3,), (1,), (3,), (4,), (3,), (2,), (4,), (3,), (3,), (4,), (2,), (4,), (4,), (3,), (4,), (3,), (3,), (2,), (2,), (4,), (5,), (3,), (3,), (2,), (1,), (4,), (2,), (0,), (1,), (3,), (4,), (2,), (4,), (3,), (4,), (4,), (3,))",5583.08634470668,4389.35055790216,359.509,5735.481,6094.99,3186.771593049966,4393.3936193824375,1145.6730686458004,25198.225629489203,26343.898698135003
28,YOLOv3,LLNNNBLLLBLLLLLLLLBNLLLBLBLLLLLLLLLLLBBLNLLLLLLBLBNLLBLLLLLGBLLLLNLLNBLBBBL,"((1,), (1,), (0,), (0,), (0,), (1,), (0,), (2,), (1,), (0,), (0,), (1,), (2,), (0,), (3,), (0,), (3,), (1,), (0,), (0,), (1,), (0,), (1,), (0,), (0,), (0,), (1,), (2,), (1,), (4,), (1,), (3,), (0,), (0,), (2,), (0,), (0,), (0,), (0,), (0,), (0,), (2,), (0,), (1,), (1,), (0,), (3,), (0,), (2,), (0,), (0,), (1,), (0,), (0,), (1,), (1,), (0,), (0,), (3,), (0, 7), (0,), (0,), (1,), (1,), (2,), (0,), (1,), (1,), (0,), (0,), (1,), (0,), (0,), (0,), (2,))",12241.7086161848,3572.45077088263,604.141,13111.5243,13715.6653,3118.700120522845,3568.051085936388,1884.134609512792,46782.58851689633,48666.72312640912
29,YOLOv3,LLLLLLLLLLLLLLLLLLLLLLLLLLLLLLLLLLLLLLLLLLLLLLLLLLLLLLLLLLLLLLLLLNLLLLLLLLL,"((4,), (3,), (4,), (5,), (3,), (5,), (2,), (5,), (4,), (3,), (2,), (2,), (5,), (3,), (4,), (4,), (4,), (3,), (4,), (4,), (4,), (3,), (4,), (4,), (1,), (4,), (2,), (5,), (4,), (4,), (4,), (3,), (4,), (4,), (3,), (4,), (3,), (2,), (2,), (1,), (1,), (4,), (4,), (3,), (4,), (3,), (3,), (2,), (4,), (5,), (4,), (3,), (5,), (3,), (1,), (4,), (5,), (3,), (4,), (4,), (2,), (4,), (4,), (3,), (5,), (0,), (1,), (5,), (3,), (2,), (4,), (2,), (4,), (4,), (5,))",5244.8892353263,4570.508293615,256.237,5118.405,5374.642,3387.942588096958,4640.18453149826,868.1162449462003,23750.34370694336,24618.459951889552
30,YOLOv3,LLNNNLLLLLLLLLLLLLLLLLLLLLLLLLLLLLLLLLBLNLLLLLLLLBLLLLLLLLLLLLLLLNLLLLLBBLL,"((4,), (1,), (0,), (0,), (0,), (3,), (0,), (4,), (1,), (1,), (2,), (1,), (4,), (2,), (3,), (3,), (3,), (2,), (2,), (1,), (4,), (1,), (3,), (1,), (0,), (1,), (1,), (2,), (2,), (3,), (1,), (3,), (1,), (1,), (2,), (4,), (2,), (2,), (0,), (0,), (0,), (5,), (3,), (1,), (1,), (0,), (3,), (2,), (2,), (0,), (4,), (2,), (1,), (1,), (1,), (2,), (2,), (2,), (4,), (3,), (2,), (1,), (1,), (1,), (2,), (0,), (1,), (1,), (1,), (1,), (1,), (1,), (1,), (2,), (2,))",8217.21119278521,3827.62910109128,302.277,8926.048400000001,9228.325400000002,3274.428904080703,3777.212980186373,989.7845458388026,33715.58587825181,34705.370424090615
31,YOLOv3,LLNNNBLLLBLLNLLLLLBNLLLBLBLLLLLLLLLLLBBLNLLLLLLBLBNLLBLLLLLGBLLLLNGLNBLBBBB,"((1,), (1,), (0,), (0,), (0,), (2,), (0,), (0,), (1,), (0,), (0,), (1,), (0,), (0,), (2,), (0,), (3,), (1,), (0,), (0,), (1,), (0,), (1,), (1,), (0,), (0,), (1,), (1,), (3,), (3,), (1,), (3,), (1,), (0,), (2,), (1,), (0,), (0,), (0,), (0,), (0,), (2,), (0,), (1,), (1,), (0,), (1,), (0,), (2,), (0,), (0,), (1,), (0,), (0,), (1,), (1,), (0,), (0,), (3,), (0, 7), (0,), (0,), (1,), (0,), (2,), (0,), (2, 7), (0,), (0,), (0,), (1,), (0,), (0,), (0,), (0,))",12599.7823221623,3565.65933477291,604.286,13675.1011,14279.3871,3126.163999179298,3573.2101996687006,1889.097138408061,48864.010732020666,50753.10787042873
32,YOLOv3,LLLLLLLLLLLLLLLLLLLLLLLLLLLLLLLLLLLLLLLLLLLLLLLLLLLLLLLLLLLLLLLLLNLLLLLLLLL,"((5,), (5,), (4,), (4,), (4,), (5,), (4,), (5,), (5,), (4,), (1,), (5,), (5,), (4,), (4,), (4,), (4,), (3,), (1,), (4,), (5,), (3,), (3,), (4,), (4,), (5,), (3,), (5,), (5,), (5,), (5,), (3,), (4,), (4,), (5,), (4,), (5,), (4,), (4,), (5,), (4,), (4,), (4,), (4,), (4,), (5,), (5,), (4,), (4,), (5,), (4,), (4,), (5,), (3,), (4,), (5,), (5,), (5,), (5,), (5,), (5,), (4,), (4,), (5,), (5,), (0,), (4,), (5,), (4,), (4,), (4,), (4,), (5,), (4,), (5,))",4615.14296398044,5039.33860930635,256.227,4548.625000000001,4804.852000000001,3414.433085389453,5088.62248077694,874.8699461700833,23146.235431624013,24021.10537779409
33,YOLOv3,LLNNNLLLLLLLLLLLLLLLLLLLLLLLLLLLLLLLLBBLNLLLLLLLLBLLLLLLLLLLLLLLLNLLLLLLBLL,"((4,), (2,), (0,), (0,), (0,), (3,), (2,), (4,), (2,), (1,), (1,), (2,), (3,), (1,), (1,), (1,), (4,), (2,), (2,), (2,), (1,), (1,), (3,), (1,), (1,), (1,), (1,), (2,), (2,), (3,), (2,), (3,), (1,), (3,), (2,), (2,), (2,), (1,), (0,), (1,), (0,), (4,), (1,), (1,), (0,), (3,), (3,), (1,), (2,), (0,), (4,), (2,), (0,), (1,), (1,), (0,), (1,), (3,), (3,), (3,), (2,), (1,), (1,), (1,), (3,), (0,), (1,), (4,), (1,), (2,), (1,), (3,), (1,), (1,), (0,))",8097.20649917623,3840.13866384004,302.217,8868.0232,9170.2402,3264.959596801008,3775.087825168169,986.72629446641,33477.56641562886,34464.29271009527
34,YOLOv3,LLLLLLLLLLLLLLLLLLLLLLLLLLLLLLLLLLLLLLLLLLLLLLLLLLLLLLLLLLLLLLLLLNLLLLLLLLL,"((4,), (3,), (4,), (5,), (3,), (5,), (3,), (5,), (4,), (3,), (2,), (2,), (5,), (3,), (4,), (4,), (4,), (3,), (4,), (4,), (4,), (3,), (4,), (4,), (1,), (4,), (2,), (5,), (4,), (4,), (4,), (3,), (4,), (4,), (3,), (4,), (3,), (2,), (2,), (1,), (1,), (4,), (4,), (3,), (4,), (3,), (3,), (2,), (4,), (5,), (4,), (3,), (5,), (3,), (3,), (4,), (5,), (3,), (4,), (4,), (2,), (3,), (4,), (3,), (5,), (0,), (1,), (5,), (3,), (3,), (4,), (3,), (4,), (4,), (5,))",5190.11667748134,4591.48993225971,256.127,5077.378999999999,5333.505999999999,3392.44536163522,4667.890819061033,868.8968531395439,23700.650818993283,24569.547672132827
35,YOLOv3,LLNNNLLLLLLLLLLLLLLLLLLLLLLLLLLLLLLLLBBLNLLLLLLBLBNLLLLLLLLLLLLLLNLLLLLBBBL,"((1,), (1,), (0,), (0,), (0,), (2,), (2,), (2,), (1,), (1,), (0,), (1,), (2,), (1,), (3,), (1,), (4,), (2,), (1,), (0,), (1,), (1,), (3,), (1,), (1,), (1,), (1,), (2,), (2,), (3,), (1,), (3,), (1,), (1,), (2,), (1,), (2,), (1,), (0,), (1,), (0,), (4,), (1,), (1,), (1,), (0,), (3,), (0,), (2,), (0,), (0,), (2,), (0,), (1,), (2,), (0,), (0,), (1,), (3,), (1,), (2,), (1,), (1,), (1,), (2,), (0,), (1,), (1,), (0,), (1,), (1,), (1,), (1,), (0,), (0,))",9522.43001404015,3700.38336673454,603.873,10238.4552,10842.3282,3121.1370733121053,3674.50032244016,1884.770407872201,37621.20693368912,39505.97734156132
36,YOLOv3,LLLLLLLLLLLLLLLLLLLLLLLLLLLLLLLLLLLLLLLLLLLLLLLLLLLLLLLLLLLLLLLLLNLLLLLLLLL,"((4,), (1,), (1,), (4,), (2,), (4,), (2,), (4,), (4,), (2,), (2,), (4,), (4,), (3,), (4,), (3,), (3,), (2,), (3,), (2,), (4,), (2,), (3,), (3,), (1,), (0,), (1,), (5,), (3,), (3,), (3,), (3,), (4,), (4,), (2,), (3,), (2,), (2,), (2,), (1,), (3,), (3,), (3,), (3,), (1,), (3,), (3,), (2,), (2,), (4,), (3,), (3,), (3,), (2,), (3,), (2,), (1,), (1,), (2,), (3,), (3,), (1,), (1,), (1,), (4,), (0,), (3,), (4,), (2,), (2,), (4,), (3,), (2,), (4,), (3,))",6067.03643664639,4241.61952501573,359.632,6231.053000000001,6590.685,3192.44877937198,4233.390890409363,1148.1067394231038,26378.483007857936,27526.58974728104
37,YOLOv3,LLNNNLLLLLLLLLLLLLLLLLLLLLLLLLLLLLLLLBBLNLLLLLLLLBNLLLLLLLLLLLLLLNLLLLLLBLL,"((1,), (1,), (0,), (0,), (0,), (2,), (3,), (4,), (1,), (1,), (0,), (2,), (3,), (1,), (3,), (1,), (4,), (2,), (2,), (2,), (1,), (2,), (3,), (2,), (1,), (0,), (1,), (2,), (3,), (3,), (2,), (3,), (1,), (3,), (2,), (2,), (2,), (1,), (0,), (1,), (0,), (4,), (3,), (1,), (0,), (0,), (3,), (1,), (2,), (0,), (0,), (2,), (3,), (1,), (1,), (1,), (0,), (1,), (3,), (2,), (2,), (1,), (1,), (1,), (2,), (0,), (1,), (0,), (2,), (1,), (1,), (3,), (1,), (2,), (1,))",8628.62974759644,3778.87488141978,604.132,9134.541700000003,9738.673700000005,3070.931963254748,3774.659967616756,1855.2482688250168,34479.78887751592,36335.03714634094
38,YOLOv3,LLNNNLLLLLLLLLLLLLLLLLLLLLLLLLLLLLLLLLBLNLLLLLLLLLLLLLLLLLLLLLLLLNLLLLLLLLL,"((4,), (2,), (0,), (0,), (0,), (3,), (2,), (3,), (2,), (2,), (1,), (1,), (5,), (3,), (4,), (4,), (4,), (2,), (3,), (4,), (4,), (2,), (3,), (3,), (2,), (1,), (2,), (2,), (4,), (4,), (5,), (5,), (1,), (4,), (2,), (2,), (2,), (4,), (1,), (1,), (0,), (4,), (3,), (2,), (4,), (3,), (5,), (3,), (2,), (4,), (3,), (3,), (4,), (3,), (3,), (1,), (2,), (3,), (4,), (3,), (3,), (1,), (2,), (1,), (3,), (0,), (1,), (4,), (3,), (2,), (2,), (3,), (2,), (3,), (3,))",6674.42354817881,4085.03508415236,359.683,7241.8765,7601.5595,3190.620271319932,4004.1856770127056,1147.6118710491671,28997.818155994904,30145.43002704408
39,YOLOv3,LLLLLLLLLLLLLLLLLLLLLLLLLLLLLLLLLLLLLLLLLLLLLLLLLLLLLLLLLLLLLLLLLNLLLLLLLLL,"((5,), (4,), (4,), (5,), (4,), (5,), (4,), (5,), (4,), (3,), (2,), (4,), (5,), (4,), (4,), (5,), (3,), (3,), (4,), (3,), (5,), (3,), (5,), (4,), (4,), (4,), (4,), (4,), (4,), (5,), (4,), (5,), (4,), (4,), (4,), (4,), (3,), (3,), (5,), (4,), (4,), (5,), (4,), (4,), (4,), (5,), (4,), (4,), (4,), (5,), (3,), (4,), (5,), (4,), (5,), (5,), (5,), (5,), (5,), (5,), (4,), (4,), (4,), (5,), (5,), (0,), (4,), (5,), (5,), (4,), (4,), (4,), (4,), (4,), (5,))",4643.5057087183,4970.26228037191,256.356,4583.142000000001,4839.4980000000005,3386.006142461833,5018.655666265777,868.0229906569456,23001.21156760067,23869.234558257613
40,YOLOv3,LLNNNLLLLLLLLLLLLLLLLLLLLLLLLLLLLLLLLBBLNLLLLLLBLBNLLLLLLLLLLLLLLNLLLLLLBBL,"((1,), (1,), (0,), (0,), (0,), (2,), (2,), (2,), (1,), (1,), (0,), (2,), (3,), (2,), (2,), (3,), (4,), (2,), (2,), (0,), (1,), (1,), (3,), (1,), (1,), (0,), (1,), (2,), (2,), (3,), (1,), (3,), (1,), (3,), (2,), (1,), (2,), (1,), (1,), (1,), (0,), (4,), (3,), (1,), (1,), (3,), (3,), (0,), (2,), (0,), (0,), (2,), (3,), (1,), (3,), (0,), (0,), (1,), (3,), (3,), (2,), (1,), (1,), (1,), (2,), (0,), (1,), (3,), (0,), (1,), (1,), (2,), (1,), (1,), (0,))",9042.983206439,3744.93690577044,603.789,9719.5429,10323.3319,3107.741650243788,3722.831479134104,1876.4202232590465,36184.220270914375,38060.64049417342
41,YOLOv3,LLNNNLLLLLLLLLLLLLLLLLLLLLLLLLLLLLLLLBBLNLLLLLLLLBLLLLLLLLLLLLLLLNLLLLLBBLL,"((1,), (1,), (0,), (0,), (0,), (2,), (2,), (3,), (1,), (1,), (2,), (1,), (2,), (1,), (3,), (3,), (3,), (2,), (0,), (0,), (1,), (1,), (3,), (3,), (0,), (1,), (1,), (2,), (2,), (3,), (1,), (3,), (1,), (1,), (2,), (4,), (3,), (0,), (0,), (1,), (0,), (4,), (3,), (1,), (1,), (0,), (3,), (2,), (2,), (1,), (4,), (2,), (1,), (3,), (3,), (2,), (0,), (2,), (3,), (1,), (2,), (1,), (1,), (1,), (3,), (0,), (1,), (1,), (1,), (1,), (1,), (1,), (1,), (3,), (2,))",8543.88671017213,3794.17487425638,604.042,9107.620400000002,9711.6624,3105.8941655626068,3758.4038557332246,1876.090523554768,34230.11562791458,36106.20615146935
42,YOLOv3,LLLLLLLLLLLLLLLLLLLLLLLLLLLLLLLLLLLLLLLLLLLLLLLLLLLLLLLLLLLLLLLLLNLLLLLLLLL,"((4,), (2,), (1,), (4,), (2,), (3,), (3,), (2,), (2,), (2,), (1,), (1,), (5,), (3,), (4,), (3,), (3,), (2,), (2,), (3,), (4,), (2,), (3,), (3,), (1,), (1,), (3,), (4,), (3,), (3,), (3,), (3,), (4,), (3,), (3,), (3,), (2,), (2,), (3,), (1,), (3,), (4,), (3,), (3,), (3,), (3,), (3,), (2,), (2,), (4,), (3,), (3,), (4,), (2,), (4,), (2,), (1,), (3,), (3,), (4,), (2,), (1,), (1,), (1,), (4,), (0,), (1,), (4,), (2,), (3,), (1,), (3,), (4,), (4,), (2,))",5812.95076455232,4305.38799619875,444.077,6048.444,6492.521,3137.575316357787,4289.383015415104,1393.3250337622171,25944.09296328939,27337.417997051605
43,YOLOv3,LLNNNLLLLLLLLLLLLLLLLLLBLBLLLLLLLLLLLBBLNLLLLLLBLBNLLLLBLLLBBLLLLNLLLLLBBBL,"((1,), (1,), (0,), (0,), (0,), (3,), (0,), (3,), (1,), (1,), (0,), (1,), (3,), (1,), (2,), (1,), (3,), (2,), (1,), (1,), (1,), (1,), (2,), (0,), (2,), (0,), (1,), (1,), (3,), (3,), (1,), (3,), (1,), (0,), (2,), (2,), (2,), (1,), (0,), (0,), (0,), (3,), (1,), (1,), (1,), (0,), (3,), (0,), (2,), (0,), (0,), (2,), (4,), (1,), (1,), (0,), (0,), (1,), (3,), (0,), (0,), (1,), (1,), (0,), (2,), (0,), (1,), (1,), (3,), (2,), (0,), (1,), (0,), (0,), (0,))",10129.4493986551,3666.87437399347,604.199,10928.660299999998,11532.859299999998,3071.0484100990425,3665.344416927204,1855.5243783334315,40057.30401509898,41912.828393432406
44,YOLOv3,LLNNNLLLLLLLLLLLLLLLLLLLLLLLLLLLLLLLLBBLNLLLLLLLLBNLLLLLLLLLLLLLLNLLLBLLBBL,"((4,), (2,), (0,), (0,), (0,), (3,), (2,), (4,), (2,), (1,), (1,), (1,), (3,), (1,), (1,), (1,), (3,), (1,), (2,), (2,), (1,), (1,), (3,), (2,), (1,), (1,), (1,), (2,), (2,), (3,), (1,), (3,), (1,), (3,), (2,), (2,), (2,), (1,), (0,), (1,), (0,), (4,), (1,), (1,), (1,), (3,), (3,), (1,), (2,), (0,), (0,), (2,), (0,), (1,), (1,), (1,), (1,), (3,), (3,), (3,), (2,), (1,), (1,), (1,), (3,), (0,), (1,), (4,), (1,), (0,), (1,), (3,), (1,), (1,), (0,))",8327.55027152057,3813.67678842099,302.314,9113.7549,9416.0689,3276.555160404236,3765.191838906528,990.5484967624463,34315.03557127438,35305.58406803682
45,YOLOv3,LBNNNBLLLBLLNLLLLLBNLLLBLBLLLLLLLLLLLBBLNLLLLLLBLBNLLBLBLLLGBLLLLNGLNBNBBBB,"((1,), (0,), (0,), (0,), (0,), (2,), (0,), (2,), (1,), (0,), (0,), (0,), (0,), (1,), (3,), (1,), (3,), (1,), (0,), (0,), (1,), (0,), (1,), (0,), (0,), (0,), (1,), (1,), (2,), (3,), (1,), (0,), (0,), (0,), (2,), (3,), (0,), (0,), (0,), (0,), (0,), (4,), (0,), (1,), (1,), (0,), (1,), (0,), (2,), (0,), (0,), (1,), (3,), (0,), (1,), (1,), (0,), (0,), (2,), (0, 7), (0,), (0,), (1,), (0,), (3,), (0,), (2, 7), (1,), (0,), (0,), (0,), (0,), (0,), (0,), (0,))",13355.0231494006,3543.83738024624,604.207,14943.526999999998,15547.734,3041.841716657152,3510.3118669994856,1837.902058096268,52456.44016292722,54294.342221023486
46,YOLOv3,LLNNNLLLLLLLLLLLLLLLLLLLLLLLLLLLLLLLLLBLNLLLLLLLLLLLLLLLLLLLLLLLLNLLLLLLLLL,"((4,), (2,), (0,), (0,), (0,), (3,), (2,), (2,), (2,), (2,), (1,), (1,), (4,), (3,), (4,), (3,), (4,), (2,), (3,), (3,), (4,), (2,), (3,), (3,), (1,), (1,), (2,), (2,), (3,), (4,), (4,), (5,), (1,), (4,), (2,), (2,), (2,), (3,), (1,), (1,), (0,), (4,), (3,), (2,), (4,), (3,), (4,), (2,), (2,), (4,), (3,), (3,), (4,), (3,), (3,), (2,), (2,), (1,), (5,), (3,), (3,), (1,), (2,), (1,), (3,), (0,), (1,), (4,), (1,), (2,), (2,), (3,), (3,), (3,), (3,))",6776.67691727115,4047.92738708331,359.857,7481.581300000001,7841.438300000001,3176.397764154345,3985.601727422853,1143.0489702152904,29818.60335313452,30961.65232334981
47,YOLOv3,LLLLLLLLLLLLLLLLLLLLLLLLLLLLLLLLLLLLLLLLLLLLLLLLLLLLLLLLLLLLLLLLLNLLLLLLLLL,"((4,), (3,), (3,), (5,), (2,), (5,), (2,), (2,), (2,), (2,), (2,), (4,), (5,), (4,), (4,), (3,), (4,), (2,), (3,), (3,), (4,), (2,), (4,), (4,), (1,), (1,), (2,), (4,), (4,), (4,), (3,), (3,), (2,), (4,), (2,), (3,), (3,), (2,), (3,), (1,), (3,), (3,), (4,), (3,), (3,), (3,), (4,), (2,), (2,), (4,), (3,), (3,), (5,), (3,), (3,), (2,), (1,), (3,), (5,), (4,), (2,), (4,), (2,), (3,), (2,), (0,), (1,), (4,), (2,), (3,), (4,), (3,), (4,), (4,), (2,))",5536.77715855683,4413.49208785837,443.98,5634.627,6078.607,3112.097831154353,4426.943651461923,1381.7091950759095,24944.17622600594,26325.88542108185
48,YOLOv3,LLLLLLLLLLLLLLLLLLLLLLLLLLLLLLLLLLLLLLLLLLLLLLLLLLLLLLLLLLLLLLLLLNLLLLLLLLL,"((4,), (3,), (4,), (2,), (4,), (5,), (4,), (5,), (4,), (3,), (2,), (4,), (5,), (3,), (4,), (4,), (4,), (3,), (2,), (4,), (4,), (3,), (3,), (4,), (4,), (4,), (3,), (4,), (4,), (4,), (4,), (3,), (4,), (4,), (2,), (4,), (3,), (3,), (3,), (5,), (4,), (5,), (4,), (3,), (3,), (3,), (5,), (4,), (4,), (3,), (3,), (4,), (5,), (3,), (4,), (5,), (5,), (3,), (5,), (4,), (5,), (4,), (1,), (5,), (5,), (0,), (4,), (5,), (4,), (3,), (4,), (4,), (4,), (4,), (5,))",5011.53862981312,4697.15644928631,256.084,4890.263,5146.347,3388.2098596474625,4769.651073506132,867.6663336979608,23324.848167677315,24192.51450137528
49,YOLOv3,LLLLLLLLLLLLLLLLLLLLLLLLLLLLLLLLLLLLLLLLLLLLLLLLLLLLLLLLLLLLLLLLLNLLLLLLLLL,"((4,), (3,), (4,), (4,), (2,), (3,), (2,), (4,), (2,), (3,), (2,), (4,), (5,), (3,), (4,), (4,), (3,), (1,), (3,), (4,), (4,), (2,), (3,), (4,), (4,), (4,), (3,), (2,), (4,), (4,), (4,), (3,), (4,), (3,), (2,), (4,), (3,), (4,), (4,), (1,), (3,), (4,), (4,), (3,), (4,), (1,), (4,), (3,), (2,), (4,), (3,), (2,), (4,), (3,), (4,), (5,), (5,), (3,), (5,), (4,), (5,), (1,), (4,), (5,), (5,), (0,), (4,), (5,), (4,), (2,), (4,), (4,), (5,), (4,), (5,))",5309.22976888814,4542.44096372721,256.029,5192.105,5448.134,3408.7447689888727,4629.45964586499,872.7375144594521,24036.640574593843,24909.37808905329
50,YOLOv3,LLLLLLLLLLLLLLLLLLLLLLLLLLLLLLLLLLLLLLLLLLLLLLLLLLLLLLLLLLLLLLLLLNLLLLLLLLL,"((5,), (3,), (3,), (4,), (3,), (5,), (4,), (5,), (4,), (3,), (2,), (4,), (4,), (3,), (4,), (4,), (3,), (3,), (3,), (4,), (4,), (3,), (3,), (4,), (3,), (4,), (4,), (5,), (5,), (4,), (4,), (5,), (4,), (4,), (3,), (4,), (3,), (2,), (4,), (5,), (4,), (4,), (4,), (3,), (4,), (5,), (4,), (3,), (4,), (5,), (4,), (3,), (5,), (4,), (4,), (5,), (5,), (3,), (5,), (5,), (4,), (4,), (4,), (5,), (3,), (0,), (2,), (5,), (5,), (3,), (4,), (5,), (5,), (4,), (4,))",4838.0940320324,4803.61191487025,302.138,4832.2880000000005,5134.426,3280.5602444957062,4846.425427320463,991.1819111514436,23419.32343533555,24410.505346487
51,YOLOv3,LBNNNBLLLBLLLLLLLLBNLLLBLBLLLLLLLLLLLBBLNLLLLLLBLBNLLBLLLLLGBLLLLNGLNBGBBBB,"((1,), (0,), (0,), (0,), (0,), (1,), (0,), (2,), (1,), (0,), (0,), (1,), (2,), (0,), (3,), (0,), (3,), (1,), (0,), (0,), (1,), (0,), (1,), (0,), (0,), (0,), (1,), (2,), (1,), (3,), (1,), (3,), (0,), (0,), (2,), (0,), (0,), (0,), (0,), (0,), (0,), (2,), (0,), (1,), (1,), (0,), (3,), (0,), (2,), (0,), (0,), (1,), (0,), (0,), (1,), (1,), (0,), (0,), (2,), (0, 7), (0,), (0,), (1,), (1,), (2,), (0,), (2, 7), (1,), (0,), (0,), (0, 7), (0,), (0,), (0,), (0,))",12979.1111503482,3553.79488561739,604.184,13828.3804,14432.5644,3132.2172262649915,3568.156681465693,1892.435532633688,49341.82791810923,51234.26345074292
52,YOLOv3,LLNNNLLLLLLLLLLLLLLLLLLLLLLLLLLLLLLLLBBLNLLLLLLBLBNLLLLLLLLLLLLLLNLLLLLLBLL,"((4,), (1,), (0,), (0,), (0,), (3,), (2,), (3,), (1,), (1,), (1,), (1,), (3,), (1,), (2,), (1,), (4,), (0,), (3,), (2,), (4,), (1,), (3,), (1,), (1,), (0,), (1,), (2,), (2,), (3,), (1,), (3,), (1,), (3,), (2,), (5,), (2,), (1,), (0,), (0,), (0,), (5,), (3,), (1,), (0,), (3,), (3,), (0,), (2,), (0,), (0,), (2,), (1,), (1,), (1,), (0,), (2,), (3,), (4,), (3,), (2,), (1,), (1,), (0,), (3,), (0,), (1,), (4,), (1,), (2,), (1,), (3,), (1,), (3,), (3,))",8461.57517192467,3811.21409373291,302.177,9409.8,9711.977,3289.092353707996,3752.2009279637855,993.8880601664212,35307.46029195364,36301.34835212006
53,YOLOv3,LLLLLLLLLLLLLLLLLLLLLLLLLLLLLLLLLLLLLLLLLLLLLLLLLLLLLLLLLLLLLLLLLNLLLLLLLLL,"((5,), (3,), (3,), (4,), (4,), (5,), (4,), (5,), (4,), (3,), (2,), (4,), (4,), (3,), (4,), (4,), (3,), (3,), (3,), (4,), (4,), (3,), (3,), (4,), (3,), (4,), (4,), (5,), (5,), (4,), (4,), (5,), (4,), (4,), (3,), (4,), (3,), (2,), (4,), (5,), (4,), (4,), (4,), (3,), (4,), (5,), (4,), (3,), (4,), (5,), (4,), (3,), (5,), (4,), (4,), (5,), (5,), (3,), (5,), (5,), (4,), (4,), (4,), (5,), (3,), (0,), (2,), (5,), (5,), (3,), (4,), (5,), (5,), (4,), (4,))",4810.84487252021,4824.01239594863,302.108,4803.084,5105.192,3282.354976062735,4871.212920377404,991.6256971083608,23396.844838457982,24388.470535566343
54,YOLOv3,LLNNNBLLLBLLLLLLLLBNLLLBLBLLLLLLLLLLLGBLNLLLLLLBLBNLLBLLLLLBBLLLLNLLLBLBBBL,"((1,), (1,), (0,), (0,), (0,), (1,), (0,), (2,), (1,), (0,), (0,), (0,), (2,), (0,), (3,), (0,), (3,), (1,), (0,), (0,), (1,), (0,), (1,), (0,), (0,), (0,), (0,), (2,), (2,), (3,), (1,), (3,), (0,), (1,), (2,), (3,), (0,), (4, 7), (0,), (0,), (0,), (2,), (0,), (1,), (1,), (0,), (3,), (0,), (2,), (0,), (0,), (2,), (0,), (0,), (1,), (0,), (0,), (0,), (3,), (0,), (0,), (0,), (1,), (0,), (2,), (0,), (1,), (1,), (1,), (0,), (0,), (0,), (0,), (0,), (2,))",12036.5522550119,3583.86661665885,604.066,12874.143299999996,13478.209299999997,3108.198805055222,3566.944647382532,1877.557219374488,45921.356533570666,47798.91375294516
55,YOLOv3,LLNNNLLLLLLLLLLLLLLLLLLLLLLLLLLLLLLLLBBLNLLLLLLBLBNLLLLLLLLLLLLLLNLLLLLBBBL,"((1,), (1,), (0,), (0,), (0,), (2,), (2,), (3,), (1,), (1,), (0,), (1,), (2,), (1,), (3,), (1,), (4,), (2,), (1,), (0,), (1,), (1,), (3,), (1,), (1,), (1,), (1,), (2,), (2,), (4,), (1,), (3,), (1,), (1,), (2,), (0,), (2,), (1,), (0,), (1,), (0,), (4,), (1,), (1,), (1,), (0,), (3,), (0,), (2,), (0,), (0,), (2,), (4,), (1,), (3,), (0,), (0,), (1,), (3,), (1,), (2,), (1,), (1,), (1,), (2,), (0,), (1,), (1,), (0,), (1,), (1,), (1,), (1,), (1,), (0,))",9410.25082446652,3711.78809934439,604.048,10140.0318,10744.0798,3061.148805484248,3691.0847930465807,1849.0808136551489,37427.71717798874,39276.79799164389
56,YOLOv3,LLNNNLLLLLLLLLLLLLBLLLLBLBLLLLLLLLLLLBBLNLLLLLLBLBNLLLLBLLLGBLLLLNLLLLLBBBL,"((1,), (1,), (0,), (0,), (0,), (3,), (0,), (1,), (1,), (1,), (0,), (1,), (3,), (1,), (2,), (1,), (3,), (1,), (1,), (0,), (1,), (1,), (2,), (0,), (0,), (0,), (1,), (1,), (2,), (0,), (1,), (3,), (1,), (0,), (2,), (0,), (2,), (1,), (0,), (0,), (0,), (3,), (0,), (1,), (1,), (0,), (3,), (0,), (2,), (0,), (0,), (2,), (1,), (1,), (1,), (0,), (0,), (1,), (3,), (3, 7), (0,), (0,), (1,), (0,), (2,), (0,), (1,), (1,), (2,), (1,), (0,), (0,), (0,), (0,), (0,))",10601.1048207226,3640.86853748006,603.943,11438.782200000003,12042.725200000004,3110.5646553958727,3611.8233052834566,1878.6037496737488,41314.86013402159,43193.46388369534
57,YOLOv3,LLLLLLLLLLLLLLLLLLLLLLLLLLLLLLLLLLLLLLLLLLLLLLLLLLLLLLLLLLLLLLLLLNLLLLLLLLL,"((4,), (1,), (1,), (2,), (2,), (4,), (2,), (4,), (2,), (2,), (2,), (2,), (4,), (2,), (4,), (3,), (3,), (2,), (3,), (2,), (4,), (2,), (3,), (3,), (1,), (0,), (1,), (2,), (3,), (3,), (3,), (3,), (2,), (4,), (2,), (3,), (2,), (2,), (3,), (1,), (3,), (3,), (3,), (1,), (1,), (3,), (3,), (2,), (2,), (4,), (4,), (3,), (3,), (2,), (3,), (1,), (2,), (1,), (2,), (3,), (2,), (2,), (1,), (1,), (2,), (0,), (3,), (4,), (2,), (1,), (1,), (3,), (2,), (4,), (3,))",6375.92781677411,4144.56070106946,359.55,6470.734,6830.284,3201.0042206803314,4164.628973672969,1150.9210675456134,26948.20629733078,28099.1273648764
58,YOLOv3,LLLLLLLLLLLLLLLLLLLLLLLLLLLLLLLLLLLLLLLLLLLLLLLLLLLLLLLLLLLLLLLLLNLLLLLLLLL,"((4,), (2,), (1,), (2,), (2,), (3,), (2,), (2,), (2,), (2,), (1,), (1,), (4,), (2,), (3,), (3,), (3,), (2,), (3,), (3,), (4,), (2,), (3,), (3,), (1,), (1,), (1,), (2,), (3,), (3,), (4,), (3,), (2,), (4,), (2,), (3,), (2,), (3,), (3,), (1,), (2,), (4,), (3,), (2,), (4,), (3,), (4,), (2,), (2,), (4,), (3,), (3,), (4,), (3,), (3,), (2,), (1,), (2,), (5,), (3,), (3,), (1,), (2,), (1,), (4,), (0,), (1,), (3,), (2,), (2,), (1,), (3,), (3,), (4,), (3,))",6076.23511483644,4217.09062487066,359.471,6230.184000000001,6589.655000000001,3191.3910738924747,4224.889444595781,1147.2125407232018,26321.83861948953,27469.05116021273
59,YOLOv3,LLLLLLLLLLLLLLLLLLLLLLLLLLLLLLLLLLLLLLLLLLLLLLLLLLLLLLLLLLLLLLLLLNLLLLLLLLL,"((4,), (4,), (4,), (5,), (3,), (5,), (4,), (5,), (4,), (3,), (2,), (4,), (5,), (4,), (4,), (5,), (3,), (3,), (4,), (3,), (5,), (3,), (5,), (4,), (4,), (4,), (4,), (4,), (4,), (5,), (4,), (5,), (4,), (4,), (4,), (5,), (3,), (3,), (4,), (4,), (3,), (5,), (4,), (4,), (4,), (5,), (4,), (4,), (4,), (4,), (3,), (4,), (5,), (4,), (5,), (5,), (5,), (5,), (5,), (4,), (4,), (4,), (4,), (5,), (5,), (0,), (4,), (5,), (5,), (4,), (4,), (4,), (4,), (4,), (5,))",4754.22373039528,4885.20444591113,256.208,4621.655,4877.862999999999,3407.808949305412,4994.436105035458,873.1079152836409,23082.56059701765,23955.66851230129
60,YOLOv3,LLLLLLLLLLLLLLLLLLLLLLLLLLLLLLLLLLLLLLLLLLLLLLLLLLLLLLLLLLLLLLLLLNLLLLLLLLL,"((5,), (5,), (4,), (5,), (5,), (5,), (2,), (5,), (5,), (4,), (4,), (4,), (5,), (4,), (4,), (4,), (4,), (3,), (4,), (4,), (5,), (3,), (5,), (4,), (4,), (5,), (4,), (5,), (5,), (5,), (5,), (5,), (4,), (5,), (5,), (4,), (5,), (4,), (5,), (5,), (4,), (5,), (4,), (4,), (4,), (5,), (5,), (4,), (4,), (5,), (4,), (4,), (5,), (4,), (4,), (5,), (5,), (5,), (5,), (5,), (5,), (4,), (4,), (5,), (5,), (0,), (4,), (5,), (5,), (4,), (4,), (4,), (5,), (5,), (5,))",4517.20072002574,5152.87573897141,256.094,4436.605,4692.699,3439.6320754716985,5250.151257821271,880.8691367358491,23292.84732120614,24173.716457941988
61,YOLOv3,LLNNNLLLLLLLLLLLLLLLLLLBLBLLLLLLLLLLLBBLNLLLLLLBLBNLLLLBLLLGBLLLLNLLLLLBBBL,"((1,), (1,), (0,), (0,), (0,), (3,), (0,), (1,), (1,), (1,), (0,), (1,), (3,), (1,), (2,), (1,), (3,), (1,), (1,), (0,), (1,), (1,), (2,), (0,), (0,), (0,), (1,), (1,), (3,), (0,), (1,), (3,), (1,), (0,), (2,), (0,), (2,), (1,), (0,), (0,), (0,), (3,), (0,), (1,), (1,), (0,), (3,), (0,), (2,), (0,), (0,), (2,), (4,), (1,), (1,), (0,), (0,), (1,), (3,), (3, 7), (0,), (0,), (1,), (0,), (2,), (0,), (1,), (1,), (3,), (2,), (0,), (0,), (0,), (0,), (0,))",10497.8775112184,3647.75149331603,604.414,11339.9414,11944.3554,3112.167900168924,3613.5767700820206,1881.0378492127,40977.74881713138,42858.78666634408
62,YOLOv3,LLLLLLLLLLLLLLLLLLLLLLLLLLLLLLLLLLLLLLLLLLLLLLLLLLLLLLLLLLLLLLLLLNLLLLLLLLL,"((5,), (5,), (4,), (4,), (5,), (5,), (5,), (5,), (5,), (4,), (4,), (5,), (5,), (4,), (4,), (4,), (4,), (3,), (4,), (4,), (5,), (3,), (3,), (4,), (4,), (5,), (4,), (5,), (5,), (5,), (5,), (3,), (4,), (5,), (5,), (4,), (5,), (4,), (5,), (5,), (5,), (5,), (4,), (4,), (4,), (5,), (5,), (4,), (4,), (5,), (4,), (4,), (5,), (4,), (4,), (5,), (5,), (5,), (5,), (5,), (5,), (4,), (4,), (5,), (5,), (0,), (4,), (5,), (5,), (4,), (4,), (4,), (5,), (4,), (5,))",4495.72724004034,5167.32573336936,256.046,4429.612,4685.658,3432.910498306725,5270.421099607572,878.9830014494436,23345.92054787489,24224.90354932434
63,YOLOv3,LLNNNLLLLLLLLLLLLLLLLLLLLLLLLLLLLLLLLLBLNLLLLLLLLLLLLLLLLLLLLLLLLNLLLLLLBLL,"((4,), (1,), (0,), (0,), (0,), (3,), (2,), (4,), (2,), (1,), (1,), (2,), (4,), (1,), (3,), (3,), (4,), (2,), (3,), (2,), (4,), (1,), (3,), (2,), (1,), (1,), (1,), (2,), (2,), (3,), (2,), (4,), (1,), (3,), (2,), (4,), (2,), (3,), (0,), (0,), (0,), (5,), (3,), (1,), (0,), (3,), (4,), (2,), (2,), (3,), (3,), (2,), (1,), (1,), (2,), (1,), (2,), (3,), (4,), (3,), (3,), (1,), (1,), (0,), (3,), (0,), (1,), (4,), (1,), (2,), (1,), (2,), (1,), (3,), (3,))",7532.72894240569,3916.57118893029,302.318,8276.0518,8578.369799999999,3278.6005308847944,3900.542482606662,991.1799552960292,32281.09163415333,33272.27158944936
64,YOLOv3,LLNNNLLLLLLLLLLLLLLLLLLLLLLLLLLLLLLLLLBLNLLLLLLLLLLLLLLLLLLLLLLLLNLLLLLLBLL,"((4,), (1,), (0,), (0,), (0,), (3,), (2,), (2,), (1,), (1,), (2,), (1,), (4,), (2,), (2,), (3,), (3,), (1,), (2,), (2,), (1,), (2,), (3,), (3,), (1,), (1,), (3,), (2,), (2,), (3,), (1,), (3,), (2,), (1,), (2,), (2,), (3,), (2,), (0,), (0,), (0,), (4,), (0,), (1,), (1,), (3,), (3,), (2,), (2,), (3,), (3,), (3,), (1,), (1,), (1,), (1,), (0,), (0,), (3,), (3,), (4,), (1,), (1,), (0,), (3,), (0,), (2,), (4,), (3,), (1,), (1,), (3,), (1,), (2,), (3,))",7702.1040203767,3897.52538402323,302.372,8454.205800000002,8756.577800000001,3263.947163947164,3874.271292469256,986.926231857032,32753.886831567088,33740.81306342412
65,YOLOv3,LLLLLLLLLLLLLLLLLLLLLLLLLLLLLLLLLLLLLLLLLLLLLLLLLLLLLLLLLLLLLLLLLNLLLLLLLLL,"((4,), (2,), (2,), (2,), (2,), (3,), (2,), (3,), (2,), (2,), (1,), (1,), (4,), (3,), (3,), (3,), (3,), (2,), (3,), (3,), (4,), (2,), (3,), (3,), (1,), (0,), (1,), (2,), (3,), (2,), (3,), (3,), (2,), (3,), (2,), (3,), (2,), (3,), (3,), (1,), (3,), (3,), (3,), (2,), (1,), (3,), (4,), (2,), (2,), (4,), (3,), (2,), (4,), (3,), (1,), (2,), (2,), (2,), (5,), (3,), (3,), (1,), (1,), (1,), (4,), (0,), (1,), (4,), (2,), (2,), (1,), (3,), (2,), (4,), (3,))",6141.40941576538,4200.29834114998,359.486,6267.311000000001,6626.7970000000005,3238.437558110939,4234.905774350796,1164.172964015069,26541.47154355226,27705.64450756733
66,YOLOv3,LLNNNLLLLLLLLLLLLLLLLLLLLLLLLLLLLLLLLLBLNLLLLLLLLLLLLLLLLLLLLLLLLNLLLLLBBLL,"((4,), (2,), (0,), (0,), (0,), (3,), (2,), (4,), (1,), (1,), (2,), (2,), (4,), (2,), (4,), (3,), (3,), (2,), (3,), (3,), (4,), (1,), (3,), (3,), (0,), (1,), (1,), (2,), (2,), (3,), (1,), (3,), (1,), (3,), (2,), (4,), (3,), (3,), (0,), (1,), (0,), (5,), (3,), (1,), (1,), (2,), (3,), (2,), (2,), (3,), (4,), (2,), (1,), (3,), (3,), (2,), (2,), (2,), (4,), (3,), (2,), (1,), (1,), (1,), (3,), (0,), (1,), (4,), (1,), (1,), (1,), (1,), (1,), (3,), (2,))",7432.45312836472,3928.86421645703,302.172,8129.525600000001,8431.697600000001,3265.7355443222264,3853.748463734531,986.813840898936,31329.146791890544,32315.96063278948
67,YOLOv3,LLLLLLLLLLLLLLLLLLLLLLLLLLLLLLLLLLLLLLLLLLLLLLLLLLLLLLLLLLLLLLLLLNLLLLLLLLL,"((5,), (3,), (4,), (2,), (4,), (5,), (4,), (3,), (4,), (3,), (2,), (2,), (5,), (3,), (4,), (4,), (3,), (2,), (1,), (4,), (4,), (2,), (3,), (4,), (4,), (2,), (3,), (2,), (4,), (4,), (4,), (3,), (4,), (4,), (2,), (2,), (3,), (3,), (4,), (5,), (3,), (4,), (4,), (3,), (4,), (3,), (4,), (3,), (4,), (4,), (4,), (3,), (5,), (3,), (4,), (5,), (5,), (3,), (5,), (4,), (5,), (4,), (1,), (3,), (4,), (0,), (0,), (5,), (4,), (3,), (4,), (4,), (5,), (4,), (5,))",5087.91916390598,4644.96660178585,256.104,5034.252,5290.356,3423.8087375878904,4726.346757366156,876.8511129312091,23793.62061596408,24670.47172889529
68,YOLOv3,LLLLLLLLLLLLLLLLLLLLLLLLLLLLLLLLLLLLLLLLLLLLLLLLLLLLLLLLLLLLLLLLLNLLLLLLLLL,"((4,), (3,), (3,), (2,), (2,), (5,), (2,), (2,), (4,), (2,), (2,), (3,), (5,), (2,), (4,), (3,), (3,), (2,), (3,), (4,), (4,), (3,), (4,), (4,), (1,), (1,), (3,), (5,), (4,), (4,), (4,), (3,), (4,), (3,), (2,), (3,), (3,), (3,), (3,), (1,), (3,), (4,), (4,), (3,), (3,), (3,), (3,), (2,), (2,), (4,), (5,), (3,), (5,), (3,), (3,), (2,), (2,), (3,), (5,), (4,), (3,), (4,), (1,), (4,), (2,), (0,), (1,), (4,), (2,), (3,), (1,), (3,), (4,), (4,), (3,))",5486.77111235524,4432.74514122503,359.548,5611.022999999999,5970.570999999999,3237.7508161100263,4472.4192423951245,1164.1268304307278,25094.847234721616,26258.974065152343
69,YOLOv3,LLLLLLLLLLLLLLLLLLLLLLLLLLLLLLLLLLLLLLLLLLLLLLLLLLLLLLLLLLLLLLLLLNLLLLLLLLL,"((4,), (1,), (1,), (4,), (2,), (4,), (2,), (4,), (2,), (2,), (2,), (2,), (4,), (3,), (4,), (3,), (3,), (2,), (3,), (2,), (4,), (2,), (3,), (3,), (1,), (0,), (1,), (2,), (3,), (3,), (3,), (3,), (2,), (4,), (2,), (3,), (2,), (2,), (2,), (1,), (3,), (3,), (3,), (1,), (1,), (3,), (3,), (2,), (2,), (4,), (3,), (3,), (3,), (2,), (3,), (2,), (1,), (1,), (2,), (3,), (3,), (1,), (1,), (1,), (2,), (0,), (3,), (3,), (2,), (2,), (4,), (3,), (2,), (4,), (2,))",6303.57988160256,4164.07800166708,444.047,6431.504999999999,6875.552,3154.120512614933,4196.445572049546,1400.5777512651232,26989.460678864514,28390.03843012964
70,YOLOv3,LBNNNBLLLBLLGLLLLLBNLLLBLBLLLLLLLLLLLBBLNLLLLLLBLBNLLBLBLLLGBLLLLNGLNBNBBBL,"((1,), (0,), (0,), (0,), (0,), (2,), (0,), (2,), (1,), (0,), (0,), (0,), (0, 7), (0,), (3,), (1,), (3,), (1,), (0,), (0,), (1,), (0,), (1,), (0,), (0,), (0,), (1,), (1,), (3,), (3,), (1,), (0,), (0,), (0,), (2,), (0,), (0,), (0,), (0,), (0,), (0,), (4,), (0,), (1,), (1,), (0,), (1,), (0,), (2,), (0,), (0,), (1,), (0,), (0,), (1,), (1,), (0,), (0,), (2,), (0, 7), (0,), (0,), (1,), (0,), (2,), (0,), (1, 7), (1,), (0,), (0,), (0,), (0,), (0,), (0,), (1,))",13180.9880877299,3547.5059555115,604.082,14270.2386,14874.3206,3100.799755545232,3546.337937222432,1873.1373179292748,50607.08852039592,52480.22583832519
71,YOLOv3,LLNNNLLLLLLLLLLLLLLLLLLLLLLLLLLLLLLLLLBLNLLLLLLLLLLLLLLLLLLLLLLLLNLLLLLLBLL,"((4,), (1,), (0,), (0,), (0,), (3,), (2,), (3,), (2,), (1,), (1,), (1,), (5,), (1,), (3,), (3,), (4,), (0,), (3,), (2,), (4,), (1,), (3,), (2,), (1,), (1,), (1,), (2,), (2,), (3,), (2,), (4,), (1,), (3,), (2,), (4,), (2,), (3,), (0,), (0,), (0,), (5,), (3,), (1,), (0,), (3,), (4,), (2,), (2,), (3,), (3,), (2,), (1,), (1,), (1,), (2,), (2,), (3,), (4,), (3,), (3,), (1,), (1,), (0,), (3,), (0,), (1,), (4,), (1,), (2,), (1,), (3,), (1,), (3,), (3,))",7615.99316103219,3909.13602738341,302.167,8323.4596,8625.6266,3268.578088578088,3879.888968045189,987.6564352913751,32294.09907800982,33281.75551330119
72,YOLOv3,LLNNNBLLLBLLLLLLLLBNLLLBLBLLLLLLLLLLLBBLNLLLLLLBLBNLLBLLLLLBBLLLLNLLLBLBBBL,"((1,), (1,), (0,), (0,), (0,), (1,), (0,), (2,), (1,), (0,), (0,), (0,), (2,), (0,), (3,), (0,), (3,), (1,), (0,), (0,), (1,), (0,), (1,), (0,), (1,), (0,), (0,), (2,), (2,), (3,), (1,), (3,), (0,), (1,), (2,), (3,), (0,), (0,), (0,), (0,), (0,), (2,), (0,), (1,), (1,), (0,), (3,), (0,), (2,), (0,), (0,), (2,), (0,), (0,), (1,), (0,), (0,), (0,), (3,), (0,), (0,), (0,), (1,), (0,), (2,), (0,), (1,), (1,), (1,), (0,), (0,), (0,), (0,), (0,), (2,))",12051.0438906686,3577.95417704999,603.821,12942.632999999998,13546.453999999998,3096.6490624437915,3553.2888745611267,1869.8217335338727,45988.91384642769,47858.73557996156
73,YOLOv3,LLLLLLLLLLLLLLLLLLLLLLLLLLLLLLLLLLLLLLLLLLLLLLLLLLLLLLLLLLLLLLLLLNLLLLLLLLL,"((4,), (2,), (1,), (4,), (2,), (5,), (3,), (2,), (2,), (2,), (2,), (1,), (5,), (3,), (4,), (3,), (3,), (0,), (2,), (2,), (4,), (2,), (3,), (3,), (1,), (1,), (3,), (4,), (3,), (3,), (3,), (3,), (4,), (3,), (3,), (3,), (2,), (2,), (2,), (1,), (3,), (4,), (3,), (3,), (3,), (3,), (3,), (2,), (2,), (4,), (3,), (3,), (2,), (2,), (3,), (2,), (1,), (3,), (3,), (4,), (2,), (1,), (1,), (1,), (2,), (0,), (1,), (4,), (2,), (3,), (4,), (3,), (4,), (4,), (2,))",5908.33527029058,4283.16262739409,444.13,5984.501,6428.631,3148.5253940720945,4329.098671099099,1398.3545832692394,25907.49532629123,27305.84990956047
74,YOLOv3,LLNNNLLLLLLLLLLLLLLLLLLLLLLLLLLLLLLLLBBLNLLLLLLLLBLLLLLLLLLLLLLLLNLLLLLLBLL,"((4,), (2,), (0,), (0,), (0,), (3,), (2,), (4,), (2,), (1,), (1,), (2,), (3,), (1,), (1,), (1,), (4,), (2,), (2,), (2,), (1,), (1,), (3,), (1,), (1,), (1,), (1,), (2,), (2,), (4,), (2,), (3,), (1,), (3,), (2,), (2,), (2,), (1,), (0,), (1,), (0,), (4,), (1,), (1,), (1,), (3,), (3,), (1,), (2,), (0,), (4,), (2,), (0,), (1,), (1,), (1,), (1,), (3,), (3,), (3,), (2,), (1,), (1,), (1,), (3,), (0,), (1,), (4,), (1,), (1,), (1,), (1,), (1,), (1,), (2,))",7969.2005376462,3850.65378729417,302.219,8751.038900000003,9053.257900000002,3253.5090446572985,3804.336933442183,983.272249967284,33291.900493259265,34275.17274322655
75,YOLOv3,LLNNNLLLLBLLLLLLLLLLLLLBLLLLLLLLLLLLLBBLNLLLLLLBLBNLLLLBLLLLBLLLLNLLLBLBBBL,"((1,), (1,), (0,), (0,), (0,), (3,), (0,), (3,), (1,), (0,), (0,), (1,), (3,), (1,), (2,), (1,), (3,), (1,), (1,), (2,), (1,), (1,), (3,), (0,), (0,), (1,), (1,), (2,), (2,), (3,), (1,), (3,), (1,), (0,), (2,), (0,), (3,), (1,), (0,), (0,), (0,), (4,), (0,), (1,), (1,), (0,), (3,), (0,), (2,), (0,), (0,), (2,), (1,), (1,), (1,), (0,), (0,), (1,), (2,), (1,), (0,), (0,), (1,), (1,), (2,), (0,), (1,), (0,), (3,), (0,), (1,), (0,), (0,), (0,), (3,))",10736.5877851558,3635.49029445749,604.268,11303.2162,11907.4842,3107.7240668488403,3614.8422228202976,1877.8982064266152,40859.3431734264,42737.24137985301
76,YOLOv3,LLNNNLLLLLLLLLLLLLLLLLLLLLLLLLLLLLLLLBBLNLLLLLLBLBNLLLLLLLLLLLLLLNLLLLLBBBL,"((1,), (1,), (0,), (0,), (0,), (2,), (2,), (3,), (1,), (1,), (0,), (1,), (2,), (1,), (3,), (1,), (4,), (2,), (1,), (0,), (1,), (4,), (3,), (1,), (1,), (1,), (1,), (2,), (2,), (4,), (1,), (3,), (1,), (1,), (2,), (0,), (2,), (1,), (0,), (1,), (0,), (4,), (1,), (1,), (1,), (0,), (3,), (0,), (2,), (0,), (0,), (2,), (4,), (2,), (3,), (0,), (0,), (1,), (3,), (1,), (2,), (1,), (1,), (1,), (2,), (0,), (1,), (1,), (0,), (1,), (1,), (1,), (1,), (1,), (0,))",9329.13122513964,3721.98319938246,603.953,9965.936200000002,10569.8892,3062.3829384399005,3703.267126786066,1849.5353628195933,36906.52391710725,38756.05927992685
77,YOLOv3,LLNNNLLLLLLLLLLLLLLLLLLLLLLLLLLLLLLLLLBLNLLLLLLLLLLLLLLLLLLLBLLLLNLLLBLLLLL,"((4,), (1,), (0,), (0,), (0,), (2,), (2,), (4,), (1,), (2,), (1,), (2,), (3,), (1,), (3,), (2,), (4,), (2,), (3,), (3,), (1,), (2,), (3,), (1,), (1,), (1,), (1,), (2,), (1,), (3,), (3,), (3,), (2,), (3,), (2,), (3,), (2,), (4,), (0,), (1,), (0,), (3,), (4,), (2,), (1,), (3,), (3,), (2,), (2,), (4,), (3,), (2,), (4,), (1,), (2,), (0,), (1,), (2,), (4,), (1,), (0,), (1,), (1,), (1,), (4,), (0,), (1,), (4,), (0,), (0,), (1,), (2,), (3,), (4,), (0,))",7799.63584578636,3889.50372365516,302.134,8517.177200000002,8819.311200000002,3254.358877862883,3815.7449104367984,983.2524652042244,32499.375552188347,33482.62801739257
78,YOLOv3,LLNNNLLLLLLLLLLLLLLLLLLLLLLLLLLLLLLLLLBLNLLLLLLLLLLLLLLLLLLLLLLLLNLLLLLLBLL,"((4,), (2,), (0,), (0,), (0,), (3,), (2,), (2,), (2,), (2,), (1,), (1,), (5,), (3,), (3,), (3,), (3,), (0,), (3,), (2,), (4,), (2,), (3,), (2,), (1,), (1,), (1,), (2,), (2,), (3,), (2,), (3,), (1,), (4,), (2,), (4,), (2,), (2,), (0,), (0,), (0,), (5,), (3,), (1,), (1,), (2,), (3,), (2,), (2,), (3,), (3,), (2,), (0,), (1,), (2,), (2,), (1,), (3,), (4,), (3,), (3,), (1,), (1,), (1,), (3,), (0,), (1,), (3,), (1,), (1,), (1,), (3,), (1,), (3,), (3,))",7368.07710671122,3939.14459626826,302.31,8108.602399999999,8410.9124,3271.384717932941,3915.156887229865,988.9723140783074,31746.45053216861,32735.422846246915
79,YOLOv3,LLLLLLLLLLLLLLLLLLLLLLLLLLLLLLLLLLLLLLLLLLLLLLLLLLLLLLLLLLLLLLLLLNLLLLLLLLL,"((4,), (1,), (1,), (2,), (2,), (4,), (2,), (4,), (2,), (2,), (2,), (2,), (4,), (2,), (4,), (3,), (3,), (2,), (3,), (2,), (4,), (2,), (3,), (3,), (1,), (0,), (1,), (2,), (1,), (3,), (3,), (3,), (1,), (3,), (2,), (3,), (2,), (2,), (3,), (1,), (3,), (3,), (3,), (1,), (1,), (3,), (3,), (2,), (2,), (4,), (4,), (3,), (3,), (2,), (3,), (1,), (2,), (1,), (2,), (3,), (2,), (1,), (1,), (1,), (2,), (0,), (3,), (4,), (2,), (1,), (1,), (3,), (2,), (4,), (3,))",6484.84118513634,4121.33207628291,359.571,6603.816,6963.387,3213.4230725487546,4144.01558466598,1155.4537476194282,27366.316422266555,28521.770169885986
80,YOLOv3,LLLLLLLLLLLLLLLLLLLLLLLLLLLLLLLLLLLLLLLLLLLLLLLLLLLLLLLLLLLLLLLLLNLLLLLLLLL,"((4,), (3,), (4,), (2,), (4,), (4,), (4,), (5,), (4,), (3,), (2,), (4,), (5,), (3,), (4,), (4,), (4,), (3,), (2,), (4,), (4,), (3,), (3,), (4,), (4,), (4,), (3,), (4,), (4,), (4,), (4,), (3,), (4,), (4,), (2,), (3,), (3,), (3,), (3,), (5,), (4,), (5,), (4,), (3,), (3,), (3,), (5,), (4,), (4,), (3,), (3,), (3,), (5,), (3,), (4,), (4,), (2,), (3,), (5,), (4,), (5,), (4,), (1,), (5,), (5,), (0,), (4,), (5,), (4,), (3,), (4,), (4,), (4,), (4,), (5,))",5043.70870320854,4671.71514072473,256.256,4925.527999999999,5181.784,3406.9354217784926,4775.9413408540695,873.0476434432693,23524.032800734258,24397.080444177525
81,YOLOv3,LBNNNBLLLBLLGLLLLLBNLLLBLBLLLLLLLLLLLBBLNLLLLLLBLBNLLBLBLLLGBLLLLNGLNBNBBBL,"((1,), (0,), (0,), (0,), (0,), (2,), (0,), (2,), (1,), (0,), (0,), (0,), (0, 7), (0,), (3,), (1,), (3,), (1,), (0,), (0,), (1,), (0,), (1,), (0,), (1,), (0,), (1,), (1,), (3,), (3,), (1,), (0,), (0,), (1,), (2,), (3,), (0,), (0,), (0,), (0,), (0,), (4,), (0,), (1,), (1,), (0,), (1,), (0,), (2,), (0,), (0,), (1,), (0,), (0,), (1,), (1,), (0,), (0,), (2,), (0, 7), (0,), (0,), (1,), (0,), (2,), (0,), (1, 7), (1,), (0,), (0,), (0,), (0,), (0,), (0,), (1,))",13114.3220559882,3549.71436058624,603.924,14300.2029,14904.1269,3061.058230798737,3552.1684977674367,1848.6465309768964,50796.73025306255,52645.37678403944
82,YOLOv3,LLLLLLLLLLLLLLLLLLLLLLLLLLLLLLLLLLLLLLLLLLLLLLLLLLLLLLLLLLLLLLLLLNLLLLLLLLL,"((4,), (1,), (1,), (2,), (2,), (4,), (2,), (4,), (2,), (2,), (2,), (2,), (4,), (2,), (4,), (3,), (3,), (2,), (3,), (2,), (4,), (2,), (3,), (3,), (1,), (0,), (1,), (2,), (1,), (2,), (3,), (3,), (2,), (3,), (2,), (3,), (2,), (2,), (3,), (1,), (3,), (3,), (3,), (1,), (1,), (3,), (3,), (2,), (2,), (4,), (4,), (3,), (3,), (2,), (3,), (1,), (2,), (1,), (2,), (3,), (2,), (2,), (1,), (1,), (2,), (0,), (3,), (4,), (2,), (1,), (1,), (3,), (2,), (4,), (3,))",6429.05850822913,4132.14342724405,359.446,6592.356,6951.802,3250.0187602449582,4169.166413565721,1168.2062432950092,27484.62922146846,28652.83546476347
83,YOLOv3,LLLLLLLLLLLLLLLLLLLLLLLLLLLLLLLLLLLLLLLLLLLLLLLLLLLLLLLLLLLLLLLLLNLLLLLLLLL,"((4,), (2,), (1,), (4,), (2,), (5,), (2,), (2,), (2,), (2,), (2,), (1,), (5,), (3,), (4,), (3,), (3,), (0,), (2,), (2,), (4,), (2,), (3,), (3,), (1,), (1,), (3,), (4,), (3,), (3,), (3,), (3,), (4,), (3,), (3,), (3,), (2,), (2,), (2,), (1,), (3,), (4,), (3,), (3,), (3,), (3,), (3,), (2,), (2,), (4,), (3,), (3,), (2,), (2,), (1,), (2,), (1,), (3,), (3,), (4,), (2,), (1,), (1,), (1,), (2,), (0,), (1,), (4,), (2,), (2,), (4,), (2,), (4,), (4,), (2,))",5971.60852766606,4263.14241243567,443.831,6132.962,6576.793000000001,3148.9701614886053,4293.297312449854,1397.6105757436492,26330.629271957085,27728.239847700734
84,YOLOv3,LLNNNLLLLLLLLLLLLLLLLLLBLLLLLLLLLLLLLBBLNLLLLLLBLBNLLLLLLLLLBLLLLNLLLLLBBBL,"((1,), (1,), (0,), (0,), (0,), (2,), (2,), (4,), (1,), (1,), (0,), (2,), (3,), (1,), (2,), (1,), (4,), (2,), (3,), (2,), (1,), (1,), (2,), (1,), (1,), (0,), (1,), (2,), (2,), (3,), (1,), (3,), (1,), (3,), (2,), (0,), (2,), (1,), (0,), (0,), (0,), (4,), (1,), (1,), (0,), (0,), (3,), (0,), (2,), (0,), (0,), (2,), (1,), (1,), (2,), (0,), (1,), (1,), (3,), (1,), (0,), (1,), (1,), (0,), (2,), (0,), (1,), (0,), (0,), (1,), (1,), (0,), (1,), (1,), (0,))",9679.17787555646,3696.15651495837,604.07,10443.9804,11048.0504,3063.0195676334915,3681.08147822648,1850.278230220364,38445.14280940038,40295.42103962074
85,YOLOv3,LLNNNBLLLBLLLLLLLLLLLLLBLBLLLLLLLLLLLBBLNLLLLLLBLBNLLBLLLLLBBLLLLNLLLBLBBBL,"((1,), (0,), (0,), (0,), (0,), (1,), (0,), (2,), (1,), (0,), (0,), (0,), (2,), (0,), (3,), (0,), (3,), (0,), (1,), (1,), (1,), (1,), (3,), (0,), (1,), (0,), (1,), (2,), (2,), (3,), (1,), (3,), (1,), (0,), (2,), (3,), (0,), (0,), (0,), (0,), (0,), (2,), (0,), (1,), (1,), (0,), (3,), (0,), (2,), (0,), (0,), (2,), (0,), (0,), (2,), (0,), (0,), (0,), (3,), (0,), (0,), (0,), (1,), (1,), (3,), (0,), (1,), (1,), (0,), (0,), (0,), (0,), (0,), (0,), (2,))",11667.6894938197,3594.18139633023,604.119,12542.654899999996,13146.773899999997,3074.01319426003,3598.838764284087,1857.069776903176,45138.99266115773,46996.06243806091
86,YOLOv3,LLLLLLLLLLLLLLLLLLLLLLLLLLLLLLLLLLLLLLLLLLLLLLLLLLLLLLLLLLLLLLLLLNLLLLLLLLL,"((5,), (5,), (4,), (4,), (4,), (5,), (4,), (5,), (5,), (4,), (1,), (4,), (5,), (4,), (4,), (4,), (4,), (3,), (2,), (4,), (5,), (3,), (3,), (4,), (4,), (5,), (4,), (5,), (4,), (5,), (4,), (3,), (4,), (4,), (5,), (4,), (5,), (4,), (4,), (5,), (4,), (4,), (4,), (4,), (4,), (5,), (5,), (4,), (4,), (4,), (4,), (4,), (5,), (3,), (4,), (5,), (4,), (5,), (5,), (4,), (5,), (4,), (4,), (5,), (5,), (0,), (4,), (2,), (4,), (3,), (4,), (4,), (4,), (4,), (5,))",4628.74161948309,5004.22127749061,256.286,4582.858,4839.144,3418.833798837896,5084.943088369748,876.199238968969,23303.572112080008,24179.771351048978
87,YOLOv3,LLNNNLLLLLLLLLLLLLLLLLLLLLLLLLLLLLLLLLBLNLLLLLLLLBNLLLLLLLLLLLLLLNLLLLLLBLL,"((4,), (1,), (0,), (0,), (0,), (3,), (2,), (3,), (2,), (1,), (1,), (1,), (3,), (1,), (2,), (3,), (4,), (0,), (3,), (2,), (4,), (1,), (3,), (2,), (1,), (0,), (1,), (2,), (2,), (3,), (2,), (3,), (1,), (3,), (2,), (4,), (2,), (3,), (0,), (0,), (0,), (5,), (3,), (1,), (0,), (3,), (4,), (2,), (2,), (0,), (0,), (2,), (1,), (1,), (1,), (2,), (2,), (3,), (4,), (3,), (2,), (1,), (1,), (0,), (3,), (0,), (1,), (4,), (1,), (2,), (1,), (3,), (1,), (3,), (3,))",7967.59537547772,3862.94335278662,302.268,8832.038700000001,9134.3067,3276.884232148427,3787.797412625978,990.4972430830406,33453.97333607251,34444.470579155546
88,YOLOv3,LLLLLLLLLLLLLLLLLLLLLLLLLLLLLLLLLLLLLLLLLLLLLLLLLLLLLLLLLLLLLLLLLNLLLLLLLLL,"((4,), (3,), (3,), (4,), (2,), (5,), (2,), (2,), (4,), (2,), (2,), (4,), (5,), (3,), (4,), (3,), (3,), (2,), (3,), (4,), (4,), (3,), (4,), (4,), (1,), (1,), (3,), (4,), (4,), (3,), (4,), (3,), (4,), (3,), (2,), (3,), (3,), (3,), (2,), (1,), (3,), (4,), (4,), (3,), (3,), (3,), (3,), (2,), (2,), (4,), (3,), (3,), (5,), (3,), (3,), (2,), (1,), (3,), (5,), (4,), (3,), (4,), (1,), (4,), (2,), (0,), (1,), (3,), (2,), (3,), (4,), (3,), (4,), (4,), (2,))",5445.32480504827,4448.56779225611,443.963,5592.111,6036.074,3182.430735958054,4494.14711910858,1412.8814968281456,25131.7695403854,26544.651037213545
89,YOLOv3,LLLLLLLLLLLLLLLLLLLLLLLLLLLLLLLLLLLLLLLLLLLLLLLLLLLLLLLLLLLLLLLLLNLLLLLLBLL,"((4,), (2,), (2,), (2,), (3,), (4,), (2,), (5,), (1,), (2,), (2,), (3,), (2,), (3,), (4,), (3,), (3,), (3,), (3,), (2,), (4,), (2,), (3,), (3,), (1,), (1,), (1,), (2,), (4,), (4,), (3,), (3,), (4,), (3,), (4,), (4,), (3,), (4,), (3,), (1,), (3,), (5,), (3,), (2,), (3,), (3,), (3,), (2,), (2,), (3,), (3,), (3,), (2,), (3,), (3,), (2,), (2,), (1,), (5,), (2,), (2,), (1,), (4,), (5,), (5,), (0,), (5,), (0,), (4,), (3,), (2,), (3,), (2,), (4,), (2,))",5896.97443757267,4301.37472592526,302.295,6009.217000000001,6311.512000000001,3254.801109000556,4219.5830223067205,983.9101012453232,25356.39003055693,26340.30013180225
90,YOLOv3,LLNNNLLLLLLLLLLLLLLLLLLLLLLLLLLLLLLLLLBLNLLLLLLLLLLLLLLLLLLLLLLLLNLLLLLLLLL,"((4,), (2,), (0,), (0,), (0,), (3,), (2,), (3,), (2,), (2,), (1,), (2,), (5,), (3,), (4,), (3,), (4,), (2,), (3,), (4,), (4,), (2,), (3,), (3,), (1,), (1,), (2,), (2,), (3,), (4,), (4,), (5,), (1,), (4,), (2,), (2,), (2,), (3,), (1,), (1,), (0,), (4,), (3,), (2,), (4,), (3,), (4,), (2,), (2,), (4,), (3,), (3,), (4,), (3,), (3,), (2,), (2,), (3,), (4,), (3,), (3,), (1,), (2,), (1,), (3,), (0,), (1,), (4,), (1,), (2,), (2,), (3,), (2,), (3,), (3,))",6692.90948740362,4066.50370862731,359.926,7290.3127,7650.238700000001,3180.222197564426,4013.935365053347,1144.6446546805737,29262.84396882756,30407.48862350813
91,YOLOv3,LLLLLLLLLLLLLLLLLLLLLLLLLLLLLLLLLLLLLLLLLLLLLLLLLLLLLLLLLLLLLLLLLNLLLLLLLLL,"((5,), (3,), (4,), (4,), (4,), (5,), (4,), (5,), (4,), (3,), (2,), (4,), (5,), (4,), (4,), (4,), (3,), (3,), (4,), (4,), (4,), (3,), (5,), (3,), (4,), (4,), (4,), (4,), (4,), (5,), (4,), (5,), (4,), (5,), (2,), (4,), (3,), (3,), (4,), (4,), (4,), (5,), (4,), (4,), (4,), (5,), (4,), (4,), (4,), (4,), (4,), (4,), (5,), (4,), (5,), (5,), (5,), (5,), (5,), (4,), (4,), (4,), (4,), (5,), (5,), (0,), (4,), (5,), (4,), (3,), (4,), (3,), (4,), (4,), (4,))",4770.14630986714,4849.30433096931,302.135,4807.686,5109.821,3296.1968238269865,4910.60640102952,995.8964273669663,23608.653645740007,24604.550073106973
92,YOLOv3,LLNNNLLLLLLLLLLLLLLLLLLLLLLLLLLLLLLLLBBLNLLLLLLLLBLLLLLLLLLLLLLLLNLLLLLLBBL,"((4,), (2,), (0,), (0,), (0,), (3,), (2,), (4,), (2,), (1,), (1,), (1,), (3,), (1,), (1,), (1,), (3,), (1,), (2,), (2,), (1,), (1,), (3,), (2,), (1,), (1,), (2,), (2,), (3,), (3,), (1,), (3,), (1,), (4,), (2,), (2,), (2,), (1,), (0,), (1,), (0,), (4,), (1,), (1,), (1,), (3,), (3,), (1,), (2,), (0,), (3,), (2,), (0,), (1,), (1,), (1,), (1,), (3,), (3,), (3,), (2,), (1,), (1,), (1,), (3,), (0,), (1,), (4,), (4,), (2,), (1,), (3,), (1,), (1,), (3,))",7861.08923225244,3870.87105479328,302.085,8672.930299999998,8975.015299999997,3231.2212910494736,3824.0580894391815,976.10348370668,33165.78927285718,34141.892756563866
93,YOLOv3,LLLLLLLLLLLLLLLLLLLLLLLLLLLLLLLLLLLLLLLLLLLLLLLLLLLLLLLLLLLLLLLLLNLLLLLLLLL,"((5,), (4,), (4,), (4,), (4,), (5,), (4,), (5,), (4,), (3,), (2,), (4,), (5,), (3,), (4,), (4,), (3,), (3,), (4,), (4,), (4,), (3,), (5,), (4,), (4,), (4,), (4,), (4,), (4,), (5,), (4,), (5,), (4,), (4,), (2,), (4,), (3,), (3,), (4,), (4,), (4,), (5,), (4,), (4,), (4,), (5,), (4,), (3,), (4,), (4,), (4,), (4,), (5,), (4,), (4,), (5,), (5,), (5,), (5,), (5,), (4,), (4,), (4,), (5,), (5,), (0,), (4,), (5,), (4,), (3,), (4,), (2,), (4,), (4,), (4,))",4762.82199909593,4854.68289321257,302.125,4779.239,5081.364,3317.8596716174943,4937.68651038349,1002.4083532874356,23598.38394019868,24600.79229348612
94,YOLOv3,LLNNNLLLLLLLLLLLLLLLLLLLLLLLLLLLLLLLLBBLNLLLLLLBLBNLLLLLLLLLLLLLLNLLLLLBBBL,"((1,), (1,), (0,), (0,), (0,), (2,), (2,), (4,), (1,), (1,), (0,), (2,), (2,), (1,), (2,), (1,), (4,), (2,), (3,), (2,), (1,), (1,), (3,), (1,), (1,), (1,), (1,), (2,), (3,), (3,), (1,), (3,), (1,), (3,), (2,), (0,), (2,), (1,), (1,), (1,), (0,), (4,), (3,), (1,), (1,), (0,), (3,), (0,), (2,), (0,), (0,), (2,), (1,), (1,), (2,), (1,), (1,), (1,), (3,), (1,), (2,), (1,), (1,), (1,), (2,), (0,), (0,), (0,), (0,), (2,), (1,), (0,), (1,), (1,), (0,))",9149.5924300707,3733.83657140535,604.007,9818.298900000002,10422.3059,3058.439310338045,3717.0564230224295,1847.3187525193512,36495.17098939906,38342.48974191841
95,YOLOv3,LLNNNLLLLLLLLLLLLLLLLLLBLBLLLLLLLLLLLBBLNLLLLLLBLBNLLBLBLLLBLLLLLNLLLLLBBBL,"((1,), (1,), (0,), (0,), (0,), (3,), (0,), (2,), (1,), (1,), (0,), (1,), (3,), (1,), (2,), (1,), (4,), (1,), (1,), (0,), (1,), (1,), (3,), (0,), (0,), (1,), (1,), (1,), (2,), (0,), (1,), (3,), (3,), (3,), (2,), (1,), (2,), (1,), (0,), (0,), (0,), (2,), (0,), (1,), (1,), (0,), (3,), (0,), (2,), (0,), (0,), (2,), (4,), (0,), (1,), (0,), (0,), (1,), (3,), (1,), (2,), (0,), (1,), (1,), (2,), (0,), (1,), (0,), (2,), (2,), (0,), (1,), (0,), (0,), (0,))",10273.0021550377,3660.81103280782,604.156,10579.2619,11183.417900000002,3124.586238963898,3633.844908174056,1887.7375237874724,38443.39698755479,40331.134511342265
96,YOLOv3,LLLLLLLLLLLLLLLLLLLLLLLLLLLLLLLLLLLLLLLLLLLLLLLLLLLLLLLLLLLLLLLLLNLLLLLLLLL,"((4,), (3,), (3,), (3,), (2,), (5,), (3,), (4,), (4,), (3,), (2,), (3,), (4,), (3,), (4,), (4,), (4,), (2,), (3,), (4,), (4,), (3,), (4,), (3,), (5,), (1,), (3,), (4,), (4,), (3,), (4,), (3,), (4,), (3,), (2,), (3,), (3,), (3,), (1,), (1,), (3,), (4,), (4,), (3,), (3,), (3,), (3,), (1,), (2,), (4,), (3,), (3,), (5,), (2,), (3,), (2,), (1,), (3,), (5,), (4,), (3,), (4,), (1,), (5,), (4,), (0,), (1,), (4,), (2,), (2,), (4,), (3,), (4,), (4,), (3,))",5431.48406362571,4462.59769497537,359.544,5531.170999999999,5890.714999999999,3236.903324736756,4520.506252646629,1163.809168989152,25003.693089957706,26167.502258946857
97,YOLOv3,LBNNNBLLLBLLLLLLLLBNLLLBLBLLLLLLLLLLLBBLNLLLLLLBLBNLLBLLLLLGBLLLLNGLLBGBBBL,"((1,), (0,), (0,), (0,), (0,), (1,), (0,), (2,), (1,), (0,), (0,), (1,), (2,), (0,), (3,), (0,), (3,), (1,), (0,), (0,), (1,), (0,), (1,), (0,), (0,), (0,), (1,), (2,), (1,), (3,), (1,), (3,), (0,), (0,), (2,), (0,), (0,), (0,), (0,), (0,), (0,), (2,), (0,), (1,), (1,), (0,), (3,), (0,), (2,), (0,), (0,), (1,), (0,), (0,), (1,), (1,), (0,), (0,), (3,), (0, 7), (0,), (0,), (1,), (1,), (2,), (0,), (2, 7), (1,), (1,), (0,), (0, 7), (0,), (0,), (0,), (2,))",12401.3453278862,3571.61944788158,604.099,14257.049799999999,14861.148799999999,3125.2591328006715,3540.09400804358,1887.9659168657531,50471.296569358914,52359.26248622467
98,YOLOv3,LLLLLLLLLLLLLLLLLLLLLLLLLLLLLLLLLLLLLLLLLLLLLLLLLLLLLLLLLLLLLLLLLNLLLLLLLLL,"((5,), (5,), (4,), (4,), (4,), (5,), (4,), (5,), (5,), (4,), (1,), (4,), (5,), (4,), (4,), (4,), (4,), (3,), (2,), (4,), (5,), (3,), (3,), (4,), (4,), (5,), (4,), (5,), (4,), (5,), (4,), (3,), (4,), (4,), (5,), (4,), (5,), (4,), (4,), (5,), (4,), (4,), (4,), (4,), (4,), (5,), (5,), (4,), (4,), (4,), (4,), (4,), (5,), (3,), (4,), (5,), (4,), (5,), (5,), (4,), (5,), (4,), (4,), (5,), (5,), (0,), (4,), (2,), (4,), (3,), (4,), (4,), (5,), (4,), (5,))",4626.2949900604,5007.53739907776,256.086,4576.031,4832.117,3453.5634483764075,5122.114370122929,884.4092492409208,23438.954143228,24323.36339246892
99,YOLOv3,LLNNNLLLLLLLLLLLLLLLLLLLLLLLLLLLLLLLLBBLNLLLLLLBLBNLLLLLLLLLLLLLLNLLLLLBBBL,"((1,), (1,), (0,), (0,), (0,), (3,), (2,), (3,), (1,), (1,), (0,), (1,), (3,), (1,), (3,), (1,), (4,), (2,), (1,), (0,), (1,), (4,), (3,), (2,), (1,), (1,), (1,), (2,), (2,), (4,), (2,), (3,), (1,), (1,), (2,), (0,), (2,), (1,), (0,), (1,), (0,), (4,), (1,), (1,), (1,), (0,), (3,), (0,), (2,), (0,), (0,), (2,), (4,), (2,), (3,), (0,), (0,), (1,), (3,), (0,), (2,), (1,), (1,), (1,), (2,), (0,), (1,), (1,), (0,), (1,), (1,), (1,), (1,), (1,), (0,))",9262.19479624215,3729.25685191544,603.945,9893.290400000002,10497.2354,3063.633063841924,3710.459053439765,1850.265870742011,36708.64893298872,38558.91480373073
