,graph,order,freq,pred_average_power,pred_total_time,,,power,time
0,YOLOv3,LLBLLLLLLBNNNNNNNNNNNNNNNNNNNNNNNNNNNNNNNNNNNNBBLBLBLNLNLNLBBLLBBNNLBLBNNNL,"((0,), (0,), (0,), (0,), (0,), (0,), (0,), (0,), (0,), (0,), (7,), (7,), (7,), (7,), (7,), (7,), (7,), (7,), (7,), (7,), (7,), (7,), (7,), (7,), (7,), (7,), (7,), (7,), (7,), (7,), (7,), (7,), (7,), (7,), (7,), (7,), (7,), (7,), (7,), (7,), (7,), (7,), (7,), (7,), (7,), (7,), (1,), (0,), (1,), (0,), (1,), (0,), (0,), (7,), (3,), (7,), (2,), (7,), (3,), (0,), (0,), (0,), (0,), (0,), (0,), (7,), (7,), (5,), (0,), (0,), (0,), (7,), (7,), (7,), (0,))",3615.44564776133,7816.50483897688,,,3.61544564776133,7.81650483897688
73,YOLOv3,LLBLLLLLLBNNNNNNNNNNNNNNNNNNNNNNNNNNNNNNNNNNNNBBLBLBLNLNLNLBBLLBBNNLBLBNNNL,"((0,), (0,), (0,), (0,), (0,), (0,), (0,), (0,), (1,), (0,), (7,), (7,), (7,), (7,), (7,), (7,), (7,), (7,), (7,), (7,), (7,), (7,), (7,), (7,), (7,), (7,), (7,), (7,), (7,), (7,), (7,), (7,), (7,), (7,), (7,), (7,), (7,), (7,), (7,), (7,), (7,), (7,), (7,), (7,), (7,), (7,), (1,), (0,), (1,), (0,), (1,), (0,), (0,), (7,), (3,), (7,), (2,), (7,), (3,), (0,), (0,), (0,), (0,), (0,), (0,), (7,), (7,), (5,), (0,), (0,), (0,), (7,), (7,), (7,), (0,))",3618.56904168334,7742.95886209738,,,3.61856904168334,7.74295886209738
21,YOLOv3,LLBLLLLLLBNNNNNNNNNNNNNNNNNNNNNNNNNNNNNNNNNNNNLBLBLBNNLNLNLLBLNBBNNBLLBNNNL,"((0,), (0,), (0,), (0,), (0,), (0,), (0,), (0,), (0,), (0,), (7,), (7,), (7,), (7,), (7,), (7,), (7,), (7,), (7,), (7,), (7,), (7,), (7,), (7,), (7,), (7,), (7,), (7,), (7,), (7,), (7,), (7,), (7,), (7,), (7,), (7,), (7,), (7,), (7,), (7,), (7,), (7,), (7,), (7,), (7,), (7,), (1,), (0,), (3,), (0,), (2,), (0,), (7,), (7,), (3,), (7,), (2,), (7,), (3,), (2,), (0,), (0,), (7,), (0,), (0,), (7,), (7,), (0,), (0,), (0,), (0,), (7,), (7,), (7,), (0,))",3625.42818013219,7681.60661947636,,,3.62542818013219,7.68160661947636
33,YOLOv3,LLBLLLLLLBNNNNNNNNNNNNNNNNNNNNNNNNNNNNNNNNNNNNLBLBLBNNLNLNLLBNNBBNNBLLBNNNL,"((0,), (0,), (0,), (0,), (0,), (0,), (0,), (0,), (0,), (0,), (7,), (7,), (7,), (7,), (7,), (7,), (7,), (7,), (7,), (7,), (7,), (7,), (7,), (7,), (7,), (7,), (7,), (7,), (7,), (7,), (7,), (7,), (7,), (7,), (7,), (7,), (7,), (7,), (7,), (7,), (7,), (7,), (7,), (7,), (7,), (7,), (1,), (0,), (3,), (0,), (1,), (0,), (7,), (7,), (3,), (7,), (2,), (7,), (3,), (2,), (0,), (7,), (7,), (0,), (0,), (7,), (7,), (0,), (0,), (0,), (0,), (7,), (7,), (7,), (0,))",3625.66991504486,7510.19267758737,,,3.62566991504486,7.51019267758737
46,YOLOv3,LLLLLLLLLBNNNNNNNNNNNNNNNNNNNNNNNNNNNNNNNNNNNNLBLBLBNNLNLNLLBNNBBNNLLLBNNNL,"((0,), (0,), (0,), (0,), (0,), (0,), (0,), (0,), (0,), (0,), (7,), (7,), (7,), (7,), (7,), (7,), (7,), (7,), (7,), (7,), (7,), (7,), (7,), (7,), (7,), (7,), (7,), (7,), (7,), (7,), (7,), (7,), (7,), (7,), (7,), (7,), (7,), (7,), (7,), (7,), (7,), (7,), (7,), (7,), (7,), (7,), (1,), (0,), (3,), (0,), (1,), (0,), (7,), (7,), (3,), (7,), (2,), (7,), (4,), (2,), (0,), (7,), (7,), (0,), (0,), (7,), (7,), (4,), (0,), (0,), (0,), (7,), (7,), (7,), (0,))",3626.97639335911,7441.1555082607,,,3.62697639335911,7.4411555082607
16,YOLOv3,LLBLLLLLLBNNNNNNNNNNNNNNNNNNNNNNNNNNNNNNNNNNNNLBLBLNLNLNLNLBBNNBBNNLBLBNNNL,"((0,), (0,), (0,), (0,), (0,), (0,), (0,), (0,), (0,), (0,), (7,), (7,), (7,), (7,), (7,), (7,), (7,), (7,), (7,), (7,), (7,), (7,), (7,), (7,), (7,), (7,), (7,), (7,), (7,), (7,), (7,), (7,), (7,), (7,), (7,), (7,), (7,), (7,), (7,), (7,), (7,), (7,), (7,), (7,), (7,), (7,), (1,), (0,), (1,), (0,), (1,), (7,), (0,), (7,), (3,), (7,), (2,), (7,), (3,), (0,), (0,), (7,), (7,), (0,), (1,), (7,), (7,), (5,), (0,), (0,), (0,), (7,), (7,), (7,), (0,))",3639.0485771207,7347.90963681931,,,3.6390485771207,7.34790963681931
30,YOLOv3,LLBLLLLLLBNNNNNNNNNNNNNNNNNNNNNNNNNNNNNNNNNNNNLBLBLNNNLNLNLLBNLBBNNLLLBNNNL,"((0,), (0,), (0,), (0,), (0,), (0,), (0,), (0,), (0,), (0,), (7,), (7,), (7,), (7,), (7,), (7,), (7,), (7,), (7,), (7,), (7,), (7,), (7,), (7,), (7,), (7,), (7,), (7,), (7,), (7,), (7,), (7,), (7,), (7,), (7,), (7,), (7,), (7,), (7,), (7,), (7,), (7,), (7,), (7,), (7,), (7,), (1,), (0,), (1,), (0,), (1,), (7,), (7,), (7,), (3,), (7,), (2,), (7,), (4,), (5,), (0,), (7,), (1,), (0,), (1,), (7,), (7,), (5,), (0,), (0,), (0,), (7,), (7,), (7,), (0,))",3642.1704737792,7227.85267070923,,,3.6421704737792,7.22785267070923
98,YOLOv3,LLBLLLLLLBNNNNNNNNNNNNNNNNNNNNNNNNNNNNNNNNNNNNLBLBLNNNLNLNLLBNNBBNNLLLLNNNL,"((0,), (0,), (0,), (0,), (0,), (0,), (0,), (0,), (0,), (0,), (7,), (7,), (7,), (7,), (7,), (7,), (7,), (7,), (7,), (7,), (7,), (7,), (7,), (7,), (7,), (7,), (7,), (7,), (7,), (7,), (7,), (7,), (7,), (7,), (7,), (7,), (7,), (7,), (7,), (7,), (7,), (7,), (7,), (7,), (7,), (7,), (1,), (0,), (1,), (0,), (1,), (7,), (7,), (7,), (3,), (7,), (2,), (7,), (3,), (5,), (0,), (7,), (7,), (0,), (1,), (7,), (7,), (5,), (0,), (0,), (4,), (7,), (7,), (7,), (0,))",3645.64357709815,7124.31619604535,,,3.64564357709815,7.12431619604535
22,YOLOv3,LLBLLLLLLBNNNNNNNNNNNNNNNNNNNNNNNNNNNNNNNNNNNNLBLBLNNNLNLNLLBNNBBNNLLLLNNNL,"((0,), (0,), (0,), (0,), (0,), (0,), (0,), (0,), (0,), (0,), (7,), (7,), (7,), (7,), (7,), (7,), (7,), (7,), (7,), (7,), (7,), (7,), (7,), (7,), (7,), (7,), (7,), (7,), (7,), (7,), (7,), (7,), (7,), (7,), (7,), (7,), (7,), (7,), (7,), (7,), (7,), (7,), (7,), (7,), (7,), (7,), (1,), (0,), (1,), (0,), (1,), (7,), (7,), (7,), (3,), (7,), (2,), (7,), (3,), (5,), (0,), (7,), (7,), (1,), (1,), (7,), (7,), (5,), (0,), (0,), (4,), (7,), (7,), (7,), (0,))",3653.15249161942,7058.29136691419,,,3.65315249161942,7.05829136691419
13,YOLOv3,LLBLLLLLLNNNNNNNNNNNNNNNNNNNNNNNNNNNNNNNNNNNNNLBLBLBNNLNLNLLBLLBBNNLBLBNNNL,"((0,), (0,), (0,), (0,), (0,), (0,), (0,), (0,), (0,), (7,), (7,), (7,), (7,), (7,), (7,), (7,), (7,), (7,), (7,), (7,), (7,), (7,), (7,), (7,), (7,), (7,), (7,), (7,), (7,), (7,), (7,), (7,), (7,), (7,), (7,), (7,), (7,), (7,), (7,), (7,), (7,), (7,), (7,), (7,), (7,), (7,), (2,), (0,), (1,), (0,), (2,), (0,), (7,), (7,), (3,), (7,), (2,), (7,), (4,), (2,), (0,), (0,), (0,), (0,), (0,), (7,), (7,), (4,), (0,), (0,), (0,), (7,), (7,), (7,), (0,))",3656.56409777029,6898.76260339623,,,3.65656409777029,6.89876260339623
9,YOLOv3,LLBLLLLNNNNNNNNNNNNNNNNNNNNNNNNNNNNNNNNNNNNNNNBBLBLBLNLLLNLLBLLBBNNLBLBNNNL,"((0,), (0,), (0,), (0,), (0,), (0,), (0,), (7,), (7,), (7,), (7,), (7,), (7,), (7,), (7,), (7,), (7,), (7,), (7,), (7,), (7,), (7,), (7,), (7,), (7,), (7,), (7,), (7,), (7,), (7,), (7,), (7,), (7,), (7,), (7,), (7,), (7,), (7,), (7,), (7,), (7,), (7,), (7,), (7,), (7,), (7,), (1,), (0,), (1,), (0,), (1,), (0,), (0,), (7,), (3,), (0,), (2,), (7,), (4,), (2,), (0,), (0,), (0,), (0,), (0,), (7,), (7,), (4,), (0,), (0,), (0,), (7,), (7,), (7,), (0,))",3657.8028784489,6782.94133270595,,,3.6578028784489,6.78294133270595
5,YOLOv3,LLBLLLNNNNNNNNNNNNNNNNNNNNNNNNNNNNNNNNNNNNNNNNBBLBLBLNLLLNLLBLLBBNNLBLBNNNL,"((0,), (0,), (0,), (0,), (0,), (0,), (7,), (7,), (7,), (7,), (7,), (7,), (7,), (7,), (7,), (7,), (7,), (7,), (7,), (7,), (7,), (7,), (7,), (7,), (7,), (7,), (7,), (7,), (7,), (7,), (7,), (7,), (7,), (7,), (7,), (7,), (7,), (7,), (7,), (7,), (7,), (7,), (7,), (7,), (7,), (7,), (1,), (0,), (0,), (0,), (1,), (0,), (0,), (7,), (3,), (0,), (2,), (7,), (4,), (1,), (0,), (0,), (0,), (0,), (0,), (7,), (7,), (3,), (0,), (0,), (0,), (7,), (7,), (7,), (0,))",3663.14722669779,6609.17300757183,,,3.66314722669779,6.60917300757183
69,YOLOv3,LLBLLNNNNNNNNNNNNNNNNNNNNNNNNNNNNNNNNNNNNNNNNNBBLBLBLNLLLNLLBLLBBNNLBLBNNNL,"((0,), (0,), (0,), (0,), (0,), (7,), (7,), (7,), (7,), (7,), (7,), (7,), (7,), (7,), (7,), (7,), (7,), (7,), (7,), (7,), (7,), (7,), (7,), (7,), (7,), (7,), (7,), (7,), (7,), (7,), (7,), (7,), (7,), (7,), (7,), (7,), (7,), (7,), (7,), (7,), (7,), (7,), (7,), (7,), (7,), (7,), (1,), (0,), (0,), (0,), (1,), (0,), (0,), (7,), (3,), (0,), (2,), (7,), (4,), (1,), (0,), (0,), (0,), (0,), (1,), (7,), (7,), (3,), (0,), (0,), (0,), (7,), (7,), (7,), (0,))",3663.30305411649,6470.25768134145,,,3.66330305411649,6.47025768134145
48,YOLOv3,LLBLLLLNNNNNNNNNNNNNNNNNNNNNNNNNNNNNNNNNNNNNNNLBLBLBNNLNLNLLBNLBBNNLBLBNNNL,"((0,), (0,), (0,), (0,), (0,), (0,), (0,), (7,), (7,), (7,), (7,), (7,), (7,), (7,), (7,), (7,), (7,), (7,), (7,), (7,), (7,), (7,), (7,), (7,), (7,), (7,), (7,), (7,), (7,), (7,), (7,), (7,), (7,), (7,), (7,), (7,), (7,), (7,), (7,), (7,), (7,), (7,), (7,), (7,), (7,), (7,), (3,), (0,), (1,), (0,), (1,), (0,), (7,), (7,), (3,), (7,), (2,), (7,), (4,), (2,), (0,), (7,), (0,), (0,), (0,), (7,), (7,), (4,), (0,), (0,), (0,), (7,), (7,), (7,), (0,))",3671.57786959012,6463.69659317191,,,3.67157786959012,6.46369659317191
24,YOLOv3,LLBLLLNNNNNNNNNNNNNNNNNNNNNNNNNNNNNNNNNNNNNNNNLBLBLBNNLNLNLLBNLBBNNLBLBNNNL,"((0,), (0,), (0,), (0,), (0,), (0,), (7,), (7,), (7,), (7,), (7,), (7,), (7,), (7,), (7,), (7,), (7,), (7,), (7,), (7,), (7,), (7,), (7,), (7,), (7,), (7,), (7,), (7,), (7,), (7,), (7,), (7,), (7,), (7,), (7,), (7,), (7,), (7,), (7,), (7,), (7,), (7,), (7,), (7,), (7,), (7,), (0,), (0,), (0,), (0,), (2,), (0,), (7,), (7,), (3,), (7,), (2,), (7,), (4,), (2,), (0,), (7,), (0,), (0,), (0,), (7,), (7,), (4,), (0,), (0,), (0,), (7,), (7,), (7,), (0,))",3675.85085915123,6307.54583795862,,,3.67585085915123,6.30754583795862
31,YOLOv3,LLBLLLNNNNNNNNNNNNNNNNNNNNNNNNNNNNNNNNNNNNNNNNLBLBLBNNLNLNLLBNNBBNNLBLBNNNL,"((0,), (0,), (0,), (0,), (0,), (0,), (7,), (7,), (7,), (7,), (7,), (7,), (7,), (7,), (7,), (7,), (7,), (7,), (7,), (7,), (7,), (7,), (7,), (7,), (7,), (7,), (7,), (7,), (7,), (7,), (7,), (7,), (7,), (7,), (7,), (7,), (7,), (7,), (7,), (7,), (7,), (7,), (7,), (7,), (7,), (7,), (0,), (0,), (0,), (0,), (1,), (0,), (7,), (7,), (3,), (7,), (2,), (7,), (3,), (2,), (0,), (7,), (7,), (0,), (1,), (7,), (7,), (4,), (0,), (0,), (0,), (7,), (7,), (7,), (0,))",3677.81479790952,6231.75109191673,,,3.67781479790952,6.23175109191673
44,YOLOv3,LLBLLLNNNNNNNNNNNNNNNNNNNNNNNNNNNNNNNNNNNNNNNNLBLBLNNNLNLNLLBLLBBNNLBLBNNNL,"((0,), (0,), (0,), (0,), (0,), (0,), (7,), (7,), (7,), (7,), (7,), (7,), (7,), (7,), (7,), (7,), (7,), (7,), (7,), (7,), (7,), (7,), (7,), (7,), (7,), (7,), (7,), (7,), (7,), (7,), (7,), (7,), (7,), (7,), (7,), (7,), (7,), (7,), (7,), (7,), (7,), (7,), (7,), (7,), (7,), (7,), (0,), (0,), (0,), (0,), (2,), (7,), (7,), (7,), (3,), (7,), (2,), (7,), (4,), (1,), (0,), (0,), (0,), (0,), (0,), (7,), (7,), (3,), (1,), (0,), (0,), (7,), (7,), (7,), (0,))",3685.80040051046,6106.34772587305,,,3.68580040051046,6.10634772587305
3,YOLOv3,LLBLLLLNNNNNNNNNNNNNNNNNNNNNNNNNNNNNNNNNNNNNNNLBLBLNNNLNLNLLBNNBBNNLLLBNNNL,"((0,), (0,), (0,), (0,), (0,), (0,), (0,), (7,), (7,), (7,), (7,), (7,), (7,), (7,), (7,), (7,), (7,), (7,), (7,), (7,), (7,), (7,), (7,), (7,), (7,), (7,), (7,), (7,), (7,), (7,), (7,), (7,), (7,), (7,), (7,), (7,), (7,), (7,), (7,), (7,), (7,), (7,), (7,), (7,), (7,), (7,), (1,), (0,), (1,), (0,), (2,), (7,), (7,), (7,), (3,), (7,), (2,), (7,), (3,), (2,), (0,), (7,), (7,), (0,), (0,), (7,), (7,), (3,), (0,), (0,), (0,), (7,), (7,), (7,), (0,))",3689.62919697666,6059.5962708846,,,3.68962919697666,6.0595962708846
4,YOLOv3,LLNNNNNNNNNNNNNNNNNNNNNNNNNNNNNNNNNNNNNNNNNNNNLBLBLBNNLNLNLLBLLBBNNLBLBNNLL,"((0,), (0,), (7,), (7,), (7,), (7,), (7,), (7,), (7,), (7,), (7,), (7,), (7,), (7,), (7,), (7,), (7,), (7,), (7,), (7,), (7,), (7,), (7,), (7,), (7,), (7,), (7,), (7,), (7,), (7,), (7,), (7,), (7,), (7,), (7,), (7,), (7,), (7,), (7,), (7,), (7,), (7,), (7,), (7,), (7,), (7,), (0,), (0,), (1,), (0,), (1,), (0,), (7,), (7,), (3,), (7,), (2,), (7,), (4,), (1,), (0,), (0,), (0,), (0,), (0,), (7,), (7,), (3,), (0,), (0,), (1,), (7,), (7,), (0,), (0,))",3695.00403871943,5477.58942645881,,,3.69500403871943,5.47758942645881
78,YOLOv3,LLNNNNNNNNNNNNNNNNNNNNNNNNNNNNNNNNNNNNNNNNNNNNLBLBLBNNLNLNLLBLLBBNNLBLBNNLL,"((0,), (0,), (7,), (7,), (7,), (7,), (7,), (7,), (7,), (7,), (7,), (7,), (7,), (7,), (7,), (7,), (7,), (7,), (7,), (7,), (7,), (7,), (7,), (7,), (7,), (7,), (7,), (7,), (7,), (7,), (7,), (7,), (7,), (7,), (7,), (7,), (7,), (7,), (7,), (7,), (7,), (7,), (7,), (7,), (7,), (7,), (1,), (0,), (1,), (0,), (2,), (0,), (7,), (7,), (3,), (7,), (2,), (7,), (4,), (5,), (0,), (0,), (0,), (0,), (0,), (7,), (7,), (3,), (0,), (0,), (1,), (7,), (7,), (0,), (0,))",3699.1435750138,5449.02192541988,,,3.6991435750138,5.44902192541988
67,YOLOv3,LLNNNNNNNNNNNNNNNNNNNNNNNNNNNNNNNNNNNNNNNNNNNNLBLBLBNNLNLNLLBLLBBNNLBLLNNNL,"((0,), (0,), (7,), (7,), (7,), (7,), (7,), (7,), (7,), (7,), (7,), (7,), (7,), (7,), (7,), (7,), (7,), (7,), (7,), (7,), (7,), (7,), (7,), (7,), (7,), (7,), (7,), (7,), (7,), (7,), (7,), (7,), (7,), (7,), (7,), (7,), (7,), (7,), (7,), (7,), (7,), (7,), (7,), (7,), (7,), (7,), (0,), (0,), (1,), (0,), (1,), (0,), (7,), (7,), (3,), (7,), (2,), (7,), (4,), (1,), (0,), (0,), (0,), (0,), (0,), (7,), (7,), (3,), (0,), (0,), (4,), (7,), (7,), (7,), (0,))",3708.52106008176,5301.24853971051,,,3.70852106008176,5.30124853971051
85,YOLOv3,LLNNNNNNNNNNNNNNNNNNNNNNNNNNNNNNNNNNNNNNNNNNNNLBLBLBNNLNLNLLBNLBBNNLBLBNNNL,"((0,), (0,), (7,), (7,), (7,), (7,), (7,), (7,), (7,), (7,), (7,), (7,), (7,), (7,), (7,), (7,), (7,), (7,), (7,), (7,), (7,), (7,), (7,), (7,), (7,), (7,), (7,), (7,), (7,), (7,), (7,), (7,), (7,), (7,), (7,), (7,), (7,), (7,), (7,), (7,), (7,), (7,), (7,), (7,), (7,), (7,), (0,), (0,), (0,), (0,), (2,), (0,), (7,), (7,), (3,), (7,), (2,), (7,), (3,), (1,), (0,), (7,), (0,), (0,), (0,), (7,), (7,), (3,), (0,), (0,), (1,), (7,), (7,), (7,), (0,))",3717.82918211993,5221.3836444282,,,3.71782918211993,5.2213836444282
89,YOLOv3,LLNNNNNNNNNNNNNNNNNNNNNNNNNNNNNNNNNNNNNNNNNNNNLBLBLBNNLNLNLLBNLBBNNLBLBNNNL,"((0,), (0,), (7,), (7,), (7,), (7,), (7,), (7,), (7,), (7,), (7,), (7,), (7,), (7,), (7,), (7,), (7,), (7,), (7,), (7,), (7,), (7,), (7,), (7,), (7,), (7,), (7,), (7,), (7,), (7,), (7,), (7,), (7,), (7,), (7,), (7,), (7,), (7,), (7,), (7,), (7,), (7,), (7,), (7,), (7,), (7,), (1,), (0,), (0,), (0,), (2,), (0,), (7,), (7,), (3,), (7,), (2,), (7,), (4,), (2,), (0,), (7,), (0,), (0,), (0,), (7,), (7,), (4,), (0,), (0,), (1,), (7,), (7,), (7,), (0,))",3720.41857745465,5201.42021258738,,,3.72041857745465,5.20142021258738
11,YOLOv3,LLNNNNNNNNNNNNNNNNNNNNNNNNNNNNNNNNNNNNNNNNNNNNLBLBLNNNLNLNLLBLLBBNNLBLBNNNL,"((0,), (0,), (7,), (7,), (7,), (7,), (7,), (7,), (7,), (7,), (7,), (7,), (7,), (7,), (7,), (7,), (7,), (7,), (7,), (7,), (7,), (7,), (7,), (7,), (7,), (7,), (7,), (7,), (7,), (7,), (7,), (7,), (7,), (7,), (7,), (7,), (7,), (7,), (7,), (7,), (7,), (7,), (7,), (7,), (7,), (7,), (0,), (0,), (0,), (0,), (2,), (7,), (7,), (7,), (3,), (7,), (2,), (7,), (4,), (1,), (0,), (0,), (0,), (0,), (0,), (7,), (7,), (3,), (0,), (0,), (0,), (7,), (7,), (7,), (0,))",3721.72074321184,5087.10748029975,,,3.72172074321184,5.08710748029975
25,YOLOv3,LLNNNNNNNNNNNNNNNNNNNNNNNNNNNNNNNNNNNNNNNNNNNNLBLBLNNNLNLNLLBNLBBNNLBLBNNNL,"((0,), (0,), (7,), (7,), (7,), (7,), (7,), (7,), (7,), (7,), (7,), (7,), (7,), (7,), (7,), (7,), (7,), (7,), (7,), (7,), (7,), (7,), (7,), (7,), (7,), (7,), (7,), (7,), (7,), (7,), (7,), (7,), (7,), (7,), (7,), (7,), (7,), (7,), (7,), (7,), (7,), (7,), (7,), (7,), (7,), (7,), (0,), (0,), (0,), (0,), (2,), (7,), (7,), (7,), (3,), (7,), (2,), (7,), (4,), (1,), (0,), (7,), (0,), (0,), (0,), (7,), (7,), (3,), (0,), (0,), (0,), (7,), (7,), (7,), (0,))",3736.70996343955,4963.51821029975,,,3.73670996343955,4.96351821029975
61,YOLOv3,LLNNNNNNNNNNNNNNNNNNNNNNNNNNNNNNNNNNNNNNNNNNNNLBLBLNNNLNLNLLBNNBBNNLBLBNNNL,"((0,), (0,), (7,), (7,), (7,), (7,), (7,), (7,), (7,), (7,), (7,), (7,), (7,), (7,), (7,), (7,), (7,), (7,), (7,), (7,), (7,), (7,), (7,), (7,), (7,), (7,), (7,), (7,), (7,), (7,), (7,), (7,), (7,), (7,), (7,), (7,), (7,), (7,), (7,), (7,), (7,), (7,), (7,), (7,), (7,), (7,), (0,), (0,), (0,), (0,), (2,), (7,), (7,), (7,), (3,), (7,), (2,), (7,), (4,), (1,), (0,), (7,), (7,), (0,), (0,), (7,), (7,), (3,), (0,), (0,), (0,), (7,), (7,), (7,), (0,))",3737.38312601543,4904.13929252975,,,3.73738312601543,4.90413929252975
23,YOLOv3,LLNNNNNNNNNNNNNNNNNNNNNNNNNNNNNNNNNNNNNNNNNNNNLBLBLBNNLNLNLLBNNBBNNLBLLNNNN,"((0,), (0,), (7,), (7,), (7,), (7,), (7,), (7,), (7,), (7,), (7,), (7,), (7,), (7,), (7,), (7,), (7,), (7,), (7,), (7,), (7,), (7,), (7,), (7,), (7,), (7,), (7,), (7,), (7,), (7,), (7,), (7,), (7,), (7,), (7,), (7,), (7,), (7,), (7,), (7,), (7,), (7,), (7,), (7,), (7,), (7,), (1,), (0,), (3,), (0,), (2,), (0,), (7,), (7,), (3,), (7,), (2,), (7,), (4,), (2,), (0,), (7,), (7,), (0,), (0,), (7,), (7,), (5,), (0,), (0,), (4,), (7,), (7,), (7,), (7,))",3752.86680366976,4844.77195054643,,,3.75286680366976,4.84477195054643
76,YOLOv3,LLNNNNNNNNNNNNNNNNNNNNNNNNNNNNNNNNNNNNNNNNNNNNLBLBLNNNLNLNLLLNNBBNNLLLBNNNL,"((0,), (0,), (7,), (7,), (7,), (7,), (7,), (7,), (7,), (7,), (7,), (7,), (7,), (7,), (7,), (7,), (7,), (7,), (7,), (7,), (7,), (7,), (7,), (7,), (7,), (7,), (7,), (7,), (7,), (7,), (7,), (7,), (7,), (7,), (7,), (7,), (7,), (7,), (7,), (7,), (7,), (7,), (7,), (7,), (7,), (7,), (0,), (0,), (3,), (0,), (1,), (7,), (7,), (7,), (3,), (7,), (2,), (7,), (4,), (1,), (0,), (7,), (7,), (0,), (0,), (7,), (7,), (3,), (0,), (0,), (0,), (7,), (7,), (7,), (0,))",3756.92519098464,4736.2636557614,,,3.75692519098464,4.7362636557614
83,YOLOv3,LLNNNNNNNNNNNNNNNNNNNNNNNNNNNNNNNNNNNNNNNNNNNNLBLBLNNNLNLNLBNNNBBNNLLLBNNNL,"((0,), (0,), (7,), (7,), (7,), (7,), (7,), (7,), (7,), (7,), (7,), (7,), (7,), (7,), (7,), (7,), (7,), (7,), (7,), (7,), (7,), (7,), (7,), (7,), (7,), (7,), (7,), (7,), (7,), (7,), (7,), (7,), (7,), (7,), (7,), (7,), (7,), (7,), (7,), (7,), (7,), (7,), (7,), (7,), (7,), (7,), (0,), (0,), (3,), (0,), (2,), (7,), (7,), (7,), (3,), (7,), (2,), (7,), (4,), (0,), (7,), (7,), (7,), (0,), (0,), (7,), (7,), (4,), (0,), (0,), (0,), (7,), (7,), (7,), (0,))",3760.13960904602,4699.59304511173,,,3.76013960904602,4.69959304511173
40,YOLOv3,LLNNNNNNNNNNNNNNNNNNNNNNNNNNNNNNNNNNNNNNNNNNNNLBLBLNNNLNLNLLNNNBLNNLLLBNNNL,"((0,), (0,), (7,), (7,), (7,), (7,), (7,), (7,), (7,), (7,), (7,), (7,), (7,), (7,), (7,), (7,), (7,), (7,), (7,), (7,), (7,), (7,), (7,), (7,), (7,), (7,), (7,), (7,), (7,), (7,), (7,), (7,), (7,), (7,), (7,), (7,), (7,), (7,), (7,), (7,), (7,), (7,), (7,), (7,), (7,), (7,), (0,), (0,), (3,), (0,), (2,), (7,), (7,), (7,), (3,), (7,), (2,), (7,), (4,), (5,), (7,), (7,), (7,), (0,), (1,), (7,), (7,), (4,), (0,), (0,), (0,), (7,), (7,), (7,), (0,))",3769.7575833347,4634.12936530703,,,3.7697575833347,4.63412936530703
93,YOLOv3,LLNNNNNNNNNNNNNNNNNNNNNNNNNNNNNNNNNNNNNNNNNNNNLBLBLNNNLNLNLLLNNBLNNLBLBNNNN,"((0,), (0,), (7,), (7,), (7,), (7,), (7,), (7,), (7,), (7,), (7,), (7,), (7,), (7,), (7,), (7,), (7,), (7,), (7,), (7,), (7,), (7,), (7,), (7,), (7,), (7,), (7,), (7,), (7,), (7,), (7,), (7,), (7,), (7,), (7,), (7,), (7,), (7,), (7,), (7,), (7,), (7,), (7,), (7,), (7,), (7,), (0,), (0,), (1,), (0,), (1,), (7,), (7,), (7,), (3,), (7,), (2,), (7,), (4,), (1,), (0,), (7,), (7,), (0,), (1,), (7,), (7,), (2,), (0,), (0,), (0,), (7,), (7,), (7,), (7,))",3777.75079967402,4545.40122918373,,,3.77775079967402,4.54540122918373
50,YOLOv3,LLNNNNNNNNNNNNNNNNNNNNNNNNNNNNNNNNNNNNNNNNNNNNLBLBLNNNLNLNLLLNNBLNNLBLBNNNN,"((0,), (0,), (7,), (7,), (7,), (7,), (7,), (7,), (7,), (7,), (7,), (7,), (7,), (7,), (7,), (7,), (7,), (7,), (7,), (7,), (7,), (7,), (7,), (7,), (7,), (7,), (7,), (7,), (7,), (7,), (7,), (7,), (7,), (7,), (7,), (7,), (7,), (7,), (7,), (7,), (7,), (7,), (7,), (7,), (7,), (7,), (0,), (0,), (1,), (0,), (2,), (7,), (7,), (7,), (3,), (7,), (2,), (7,), (4,), (1,), (0,), (7,), (7,), (0,), (1,), (7,), (7,), (2,), (0,), (0,), (0,), (7,), (7,), (7,), (7,))",3779.15743608201,4538.50361180272,,,3.77915743608201,4.53850361180272
10,YOLOv3,LLNNNNNNNNNNNNNNNNNNNNNNNNNNNNNNNNNNNNNNNNNNNNLBLBLNNNLNLNLLNNNBBNNLLLLNNLL,"((1,), (0,), (7,), (7,), (7,), (7,), (7,), (7,), (7,), (7,), (7,), (7,), (7,), (7,), (7,), (7,), (7,), (7,), (7,), (7,), (7,), (7,), (7,), (7,), (7,), (7,), (7,), (7,), (7,), (7,), (7,), (7,), (7,), (7,), (7,), (7,), (7,), (7,), (7,), (7,), (7,), (7,), (7,), (7,), (7,), (7,), (0,), (0,), (1,), (0,), (1,), (7,), (7,), (7,), (3,), (7,), (0,), (7,), (4,), (5,), (7,), (7,), (7,), (0,), (0,), (7,), (7,), (5,), (0,), (0,), (3,), (7,), (7,), (0,), (0,))",3793.20129140274,4402.91768573534,,,3.79320129140274,4.40291768573534
55,YOLOv3,LLNNNNNNNNNNNNNNNNNNNNNNNNNNNNNNNNNNNNNNNNNNNNLBLBLNNNLNLNLLBNNNLNNLLLBNNNN,"((0,), (0,), (7,), (7,), (7,), (7,), (7,), (7,), (7,), (7,), (7,), (7,), (7,), (7,), (7,), (7,), (7,), (7,), (7,), (7,), (7,), (7,), (7,), (7,), (7,), (7,), (7,), (7,), (7,), (7,), (7,), (7,), (7,), (7,), (7,), (7,), (7,), (7,), (7,), (7,), (7,), (7,), (7,), (7,), (7,), (7,), (1,), (0,), (1,), (0,), (1,), (7,), (7,), (7,), (3,), (7,), (2,), (7,), (4,), (1,), (0,), (7,), (7,), (7,), (1,), (7,), (7,), (3,), (0,), (0,), (0,), (7,), (7,), (7,), (7,))",3800.85321770954,4327.53818572529,,,3.80085321770954,4.32753818572529
99,YOLOv3,LLNNNNNNNNNNNNNNNNNNNNNNNNNNNNNNNNNNNNNNNNNNNNLBLBLNNNLNLNLLNNNBBNNLLLBNNNL,"((1,), (0,), (7,), (7,), (7,), (7,), (7,), (7,), (7,), (7,), (7,), (7,), (7,), (7,), (7,), (7,), (7,), (7,), (7,), (7,), (7,), (7,), (7,), (7,), (7,), (7,), (7,), (7,), (7,), (7,), (7,), (7,), (7,), (7,), (7,), (7,), (7,), (7,), (7,), (7,), (7,), (7,), (7,), (7,), (7,), (7,), (0,), (0,), (4,), (0,), (2,), (7,), (7,), (7,), (3,), (7,), (2,), (7,), (4,), (5,), (7,), (7,), (7,), (0,), (0,), (7,), (7,), (4,), (0,), (0,), (0,), (7,), (7,), (7,), (0,))",3809.16960404885,4275.31481145808,,,3.80916960404885,4.27531481145808
63,YOLOv3,LLNNNNNNNNNNNNNNNNNNNNNNNNNNNNNNNNNNNNNNNNNNNNLBLBLNNNLNLNLLNNNBBNNLLLBNNNL,"((1,), (0,), (7,), (7,), (7,), (7,), (7,), (7,), (7,), (7,), (7,), (7,), (7,), (7,), (7,), (7,), (7,), (7,), (7,), (7,), (7,), (7,), (7,), (7,), (7,), (7,), (7,), (7,), (7,), (7,), (7,), (7,), (7,), (7,), (7,), (7,), (7,), (7,), (7,), (7,), (7,), (7,), (7,), (7,), (7,), (7,), (1,), (0,), (4,), (0,), (2,), (7,), (7,), (7,), (3,), (7,), (2,), (7,), (4,), (5,), (7,), (7,), (7,), (0,), (0,), (7,), (7,), (5,), (0,), (0,), (0,), (7,), (7,), (7,), (0,))",3812.31936583964,4258.36599285477,,,3.81231936583964,4.25836599285477
43,YOLOv3,LLNNNNNNNNNNNNNNNNNNNNNNNNNNNNNNNNNNNNNNNNNNNNLBLBLNNNLNLNLLBNNNLNNLLLBNNNL,"((1,), (0,), (7,), (7,), (7,), (7,), (7,), (7,), (7,), (7,), (7,), (7,), (7,), (7,), (7,), (7,), (7,), (7,), (7,), (7,), (7,), (7,), (7,), (7,), (7,), (7,), (7,), (7,), (7,), (7,), (7,), (7,), (7,), (7,), (7,), (7,), (7,), (7,), (7,), (7,), (7,), (7,), (7,), (7,), (7,), (7,), (1,), (0,), (2,), (0,), (2,), (7,), (7,), (7,), (3,), (7,), (2,), (7,), (4,), (2,), (0,), (7,), (7,), (7,), (1,), (7,), (7,), (4,), (0,), (0,), (0,), (7,), (7,), (7,), (0,))",3823.02741104237,4145.98895942663,,,3.82302741104237,4.14598895942663
59,YOLOv3,LLNNNNNNNNNNNNNNNNNNNNNNNNNNNNNNNNNNNNNNNNNNNNLBLBLNNNLNLNLLBNNNBNNLLLLNNNL,"((1,), (0,), (7,), (7,), (7,), (7,), (7,), (7,), (7,), (7,), (7,), (7,), (7,), (7,), (7,), (7,), (7,), (7,), (7,), (7,), (7,), (7,), (7,), (7,), (7,), (7,), (7,), (7,), (7,), (7,), (7,), (7,), (7,), (7,), (7,), (7,), (7,), (7,), (7,), (7,), (7,), (7,), (7,), (7,), (7,), (7,), (1,), (0,), (4,), (0,), (2,), (7,), (7,), (7,), (3,), (7,), (2,), (7,), (3,), (2,), (0,), (7,), (7,), (7,), (0,), (7,), (7,), (4,), (0,), (0,), (4,), (7,), (7,), (7,), (0,))",3831.29881073764,4120.86588789506,,,3.83129881073764,4.12086588789506
8,YOLOv3,LLNNNNNNNNNNNNNNNNNNNNNNNNNNNNNNNNNNNNNNNNNNNNLBLBLNNNLNLNLLLNNNBNNLLLLNNNL,"((1,), (0,), (7,), (7,), (7,), (7,), (7,), (7,), (7,), (7,), (7,), (7,), (7,), (7,), (7,), (7,), (7,), (7,), (7,), (7,), (7,), (7,), (7,), (7,), (7,), (7,), (7,), (7,), (7,), (7,), (7,), (7,), (7,), (7,), (7,), (7,), (7,), (7,), (7,), (7,), (7,), (7,), (7,), (7,), (7,), (7,), (1,), (0,), (3,), (0,), (2,), (7,), (7,), (7,), (3,), (7,), (2,), (7,), (3,), (2,), (0,), (7,), (7,), (7,), (0,), (7,), (7,), (4,), (0,), (0,), (4,), (7,), (7,), (7,), (0,))",3842.77049318186,4044.1742427654,,,3.84277049318186,4.0441742427654
54,YOLOv3,LLNNNNNNNNNNNNNNNNNNNNNNNNNNNNNNNNNNNNNNNNNNNNLBLBLNNNLNLNLLBNNNLNNLLLBNNNN,"((1,), (0,), (7,), (7,), (7,), (7,), (7,), (7,), (7,), (7,), (7,), (7,), (7,), (7,), (7,), (7,), (7,), (7,), (7,), (7,), (7,), (7,), (7,), (7,), (7,), (7,), (7,), (7,), (7,), (7,), (7,), (7,), (7,), (7,), (7,), (7,), (7,), (7,), (7,), (7,), (7,), (7,), (7,), (7,), (7,), (7,), (1,), (0,), (2,), (0,), (2,), (7,), (7,), (7,), (3,), (7,), (2,), (7,), (4,), (1,), (0,), (7,), (7,), (7,), (1,), (7,), (7,), (3,), (0,), (0,), (0,), (7,), (7,), (7,), (7,))",3855.15626270835,3916.85343824535,,,3.85515626270835,3.91685343824535
68,YOLOv3,LLNNNNNNNNNNNNNNNNNNNNNNNNNNNNNNNNNNNNNNNNNNNNLBLBLNNNLNLNLLBNNNLNNLLLBNNNN,"((1,), (0,), (7,), (7,), (7,), (7,), (7,), (7,), (7,), (7,), (7,), (7,), (7,), (7,), (7,), (7,), (7,), (7,), (7,), (7,), (7,), (7,), (7,), (7,), (7,), (7,), (7,), (7,), (7,), (7,), (7,), (7,), (7,), (7,), (7,), (7,), (7,), (7,), (7,), (7,), (7,), (7,), (7,), (7,), (7,), (7,), (1,), (0,), (2,), (0,), (2,), (7,), (7,), (7,), (3,), (7,), (2,), (7,), (4,), (5,), (0,), (7,), (7,), (7,), (1,), (7,), (7,), (3,), (0,), (0,), (0,), (7,), (7,), (7,), (7,))",3857.87735100368,3911.14059929148,,,3.85787735100368,3.91114059929148
26,YOLOv3,LLNNNNNNNNNNNNNNNNNNNNNNNNNNNNNNNNNNNNNNNNNNNNLBLBLNNNLNLNLLBNNNLNNLBLLNNNN,"((1,), (0,), (7,), (7,), (7,), (7,), (7,), (7,), (7,), (7,), (7,), (7,), (7,), (7,), (7,), (7,), (7,), (7,), (7,), (7,), (7,), (7,), (7,), (7,), (7,), (7,), (7,), (7,), (7,), (7,), (7,), (7,), (7,), (7,), (7,), (7,), (7,), (7,), (7,), (7,), (7,), (7,), (7,), (7,), (7,), (7,), (1,), (0,), (1,), (0,), (2,), (7,), (7,), (7,), (3,), (7,), (2,), (7,), (4,), (5,), (0,), (7,), (7,), (7,), (1,), (7,), (7,), (5,), (0,), (2,), (4,), (7,), (7,), (7,), (7,))",3877.70450173811,3841.58141423788,,,3.87770450173811,3.84158141423788
41,YOLOv3,LLNNNNNNNNNNNNNNNNNNNNNNNNNNNNNNNNNNNNNNNNNNNNLBLBLNNNLNLNLLNNNNBNNLLLBNNNN,"((1,), (0,), (7,), (7,), (7,), (7,), (7,), (7,), (7,), (7,), (7,), (7,), (7,), (7,), (7,), (7,), (7,), (7,), (7,), (7,), (7,), (7,), (7,), (7,), (7,), (7,), (7,), (7,), (7,), (7,), (7,), (7,), (7,), (7,), (7,), (7,), (7,), (7,), (7,), (7,), (7,), (7,), (7,), (7,), (7,), (7,), (1,), (0,), (0,), (0,), (2,), (7,), (7,), (7,), (3,), (7,), (2,), (7,), (4,), (2,), (7,), (7,), (7,), (7,), (0,), (7,), (7,), (5,), (0,), (2,), (0,), (7,), (7,), (7,), (7,))",3882.09795964315,3771.33079336849,,,3.88209795964315,3.77133079336849
60,YOLOv3,LLNNNNNNNNNNNNNNNNNNNNNNNNNNNNNNNNNNNNNNNNNNNNLBLBLNNNLNLNLLNNNNLNNLLLLNNNN,"((1,), (0,), (7,), (7,), (7,), (7,), (7,), (7,), (7,), (7,), (7,), (7,), (7,), (7,), (7,), (7,), (7,), (7,), (7,), (7,), (7,), (7,), (7,), (7,), (7,), (7,), (7,), (7,), (7,), (7,), (7,), (7,), (7,), (7,), (7,), (7,), (7,), (7,), (7,), (7,), (7,), (7,), (7,), (7,), (7,), (7,), (1,), (0,), (0,), (0,), (2,), (7,), (7,), (7,), (3,), (7,), (2,), (7,), (3,), (1,), (7,), (7,), (7,), (7,), (1,), (7,), (7,), (5,), (0,), (1,), (4,), (7,), (7,), (7,), (7,))",3896.0180900886,3695.36972747535,,,3.8960180900886,3.69536972747535
18,YOLOv3,LLNNNNNNNNNNNNNNNNNNNNNNNNNNNNNNNNNNNNNNNNNNNNLBLBLNNNLNLNLLNNNNLNNLLLLNNNN,"((1,), (0,), (7,), (7,), (7,), (7,), (7,), (7,), (7,), (7,), (7,), (7,), (7,), (7,), (7,), (7,), (7,), (7,), (7,), (7,), (7,), (7,), (7,), (7,), (7,), (7,), (7,), (7,), (7,), (7,), (7,), (7,), (7,), (7,), (7,), (7,), (7,), (7,), (7,), (7,), (7,), (7,), (7,), (7,), (7,), (7,), (1,), (0,), (0,), (0,), (2,), (7,), (7,), (7,), (3,), (7,), (2,), (7,), (3,), (0,), (7,), (7,), (7,), (7,), (1,), (7,), (7,), (5,), (0,), (2,), (4,), (7,), (7,), (7,), (7,))",3902.65782797032,3673.86874321933,,,3.90265782797032,3.67386874321933
7,YOLOv3,NNNNNNNNNNNNNNNNNNNNNNNNNNNNNNNNNNNNNNNNNNNNNLLBLBLBLNLNLNLLBNNBBNNLBLBNNNL,"((7,), (7,), (7,), (7,), (7,), (7,), (7,), (7,), (7,), (7,), (7,), (7,), (7,), (7,), (7,), (7,), (7,), (7,), (7,), (7,), (7,), (7,), (7,), (7,), (7,), (7,), (7,), (7,), (7,), (7,), (7,), (7,), (7,), (7,), (7,), (7,), (7,), (7,), (7,), (7,), (7,), (7,), (7,), (7,), (7,), (1,), (0,), (0,), (1,), (0,), (2,), (0,), (2,), (7,), (3,), (7,), (2,), (7,), (4,), (1,), (0,), (7,), (7,), (0,), (0,), (7,), (7,), (3,), (0,), (0,), (0,), (7,), (7,), (7,), (0,))",3925.48883884137,3567.8260844191,,,3.92548883884137,3.5678260844191
87,YOLOv3,LLNNNNNNNNNNNNNNNNNNNNNNNNNNNNNNNNNNNNNNNNNNNNLBLLLNNNLNLNBLNNNNLNNLLLLNNNN,"((1,), (0,), (7,), (7,), (7,), (7,), (7,), (7,), (7,), (7,), (7,), (7,), (7,), (7,), (7,), (7,), (7,), (7,), (7,), (7,), (7,), (7,), (7,), (7,), (7,), (7,), (7,), (7,), (7,), (7,), (7,), (7,), (7,), (7,), (7,), (7,), (7,), (7,), (7,), (7,), (7,), (7,), (7,), (7,), (7,), (7,), (1,), (0,), (3,), (0,), (1,), (7,), (7,), (7,), (3,), (7,), (2,), (7,), (1,), (0,), (7,), (7,), (7,), (7,), (1,), (7,), (7,), (5,), (0,), (2,), (2,), (7,), (7,), (7,), (7,))",3938.92199201333,3530.36072264405,,,3.93892199201333,3.53036072264405
39,YOLOv3,NNNNNNNNNNNNNNNNNNNNNNNNNNNNNNNNNNNNNNNNNNNNNLLBLBLBNNLNLNLLBNNLBNNLBLLNNNL,"((7,), (7,), (7,), (7,), (7,), (7,), (7,), (7,), (7,), (7,), (7,), (7,), (7,), (7,), (7,), (7,), (7,), (7,), (7,), (7,), (7,), (7,), (7,), (7,), (7,), (7,), (7,), (7,), (7,), (7,), (7,), (7,), (7,), (7,), (7,), (7,), (7,), (7,), (7,), (7,), (7,), (7,), (7,), (7,), (7,), (0,), (0,), (0,), (1,), (0,), (1,), (0,), (7,), (7,), (3,), (7,), (2,), (7,), (3,), (2,), (0,), (7,), (7,), (0,), (0,), (7,), (7,), (2,), (0,), (0,), (4,), (7,), (7,), (7,), (0,))",3942.70956303197,3497.02653836729,,,3.94270956303197,3.49702653836729
70,YOLOv3,NNNNNNNNNNNNNNNNNNNNNNNNNNNNNNNNNNNNNNNNNNNNNLLBLBLBNNLNLNLLBNNBBNNLBLBNNNN,"((7,), (7,), (7,), (7,), (7,), (7,), (7,), (7,), (7,), (7,), (7,), (7,), (7,), (7,), (7,), (7,), (7,), (7,), (7,), (7,), (7,), (7,), (7,), (7,), (7,), (7,), (7,), (7,), (7,), (7,), (7,), (7,), (7,), (7,), (7,), (7,), (7,), (7,), (7,), (7,), (7,), (7,), (7,), (7,), (7,), (0,), (0,), (0,), (1,), (0,), (2,), (0,), (7,), (7,), (2,), (7,), (2,), (7,), (4,), (1,), (0,), (7,), (7,), (0,), (0,), (7,), (7,), (2,), (0,), (0,), (0,), (7,), (7,), (7,), (7,))",3956.49398606404,3373.3244556128,,,3.95649398606404,3.3733244556128
47,YOLOv3,NNNNNNNNNNNNNNNNNNNNNNNNNNNNNNNNNNNNNNNNNNNNNLLBLBLBNNLNLNLLBNNBBNNLBLBNNNN,"((7,), (7,), (7,), (7,), (7,), (7,), (7,), (7,), (7,), (7,), (7,), (7,), (7,), (7,), (7,), (7,), (7,), (7,), (7,), (7,), (7,), (7,), (7,), (7,), (7,), (7,), (7,), (7,), (7,), (7,), (7,), (7,), (7,), (7,), (7,), (7,), (7,), (7,), (7,), (7,), (7,), (7,), (7,), (7,), (7,), (1,), (0,), (0,), (1,), (0,), (2,), (0,), (7,), (7,), (2,), (7,), (2,), (7,), (4,), (1,), (0,), (7,), (7,), (0,), (0,), (7,), (7,), (2,), (0,), (0,), (0,), (7,), (7,), (7,), (7,))",3968.99564787793,3321.36184802329,,,3.96899564787793,3.32136184802329
94,YOLOv3,NNNNNNNNNNNNNNNNNNNNNNNNNNNNNNNNNNNNNNNNNNNNNLLBLBLBNNLNLNLLBNNBLNNLBLBNNNN,"((7,), (7,), (7,), (7,), (7,), (7,), (7,), (7,), (7,), (7,), (7,), (7,), (7,), (7,), (7,), (7,), (7,), (7,), (7,), (7,), (7,), (7,), (7,), (7,), (7,), (7,), (7,), (7,), (7,), (7,), (7,), (7,), (7,), (7,), (7,), (7,), (7,), (7,), (7,), (7,), (7,), (7,), (7,), (7,), (7,), (1,), (0,), (0,), (1,), (0,), (2,), (0,), (7,), (7,), (3,), (7,), (2,), (7,), (3,), (1,), (0,), (7,), (7,), (0,), (1,), (7,), (7,), (2,), (0,), (0,), (0,), (7,), (7,), (7,), (7,))",3982.10263957284,3275.10056697008,,,3.98210263957284,3.27510056697008
86,YOLOv3,NNNNNNNNNNNNNNNNNNNNNNNNNNNNNNNNNNNNNNNNNNNNNLLBLBLNNNLNLNLLBNNBBNNLLLLNNNL,"((7,), (7,), (7,), (7,), (7,), (7,), (7,), (7,), (7,), (7,), (7,), (7,), (7,), (7,), (7,), (7,), (7,), (7,), (7,), (7,), (7,), (7,), (7,), (7,), (7,), (7,), (7,), (7,), (7,), (7,), (7,), (7,), (7,), (7,), (7,), (7,), (7,), (7,), (7,), (7,), (7,), (7,), (7,), (7,), (7,), (0,), (0,), (0,), (1,), (0,), (1,), (7,), (7,), (7,), (2,), (7,), (2,), (7,), (4,), (1,), (0,), (7,), (7,), (0,), (0,), (7,), (7,), (3,), (0,), (0,), (4,), (7,), (7,), (7,), (0,))",3990.56248761116,3199.63908712021,,,3.99056248761116,3.19963908712021
62,YOLOv3,NNNNNNNNNNNNNNNNNNNNNNNNNNNNNNNNNNNNNNNNNNNNNLLBLBLNNNLNLNLLBNNBBNNLLLLNNNL,"((7,), (7,), (7,), (7,), (7,), (7,), (7,), (7,), (7,), (7,), (7,), (7,), (7,), (7,), (7,), (7,), (7,), (7,), (7,), (7,), (7,), (7,), (7,), (7,), (7,), (7,), (7,), (7,), (7,), (7,), (7,), (7,), (7,), (7,), (7,), (7,), (7,), (7,), (7,), (7,), (7,), (7,), (7,), (7,), (7,), (0,), (0,), (0,), (1,), (0,), (2,), (7,), (7,), (7,), (3,), (7,), (2,), (7,), (3,), (1,), (0,), (7,), (7,), (0,), (0,), (7,), (7,), (5,), (0,), (0,), (4,), (7,), (7,), (7,), (0,))",3997.83439755735,3184.93607860014,,,3.99783439755735,3.18493607860014
20,YOLOv3,NNNNNNNNNNNNNNNNNNNNNNNNNNNNNNNNNNNNNNNNNNNNNLLBLBLNNNLNLNLLNNNBBNNLLLLNNNL,"((7,), (7,), (7,), (7,), (7,), (7,), (7,), (7,), (7,), (7,), (7,), (7,), (7,), (7,), (7,), (7,), (7,), (7,), (7,), (7,), (7,), (7,), (7,), (7,), (7,), (7,), (7,), (7,), (7,), (7,), (7,), (7,), (7,), (7,), (7,), (7,), (7,), (7,), (7,), (7,), (7,), (7,), (7,), (7,), (7,), (0,), (0,), (0,), (1,), (0,), (1,), (7,), (7,), (7,), (3,), (7,), (0,), (7,), (4,), (1,), (7,), (7,), (7,), (0,), (0,), (7,), (7,), (5,), (0,), (0,), (3,), (7,), (7,), (7,), (0,))",4016.71243960505,3091.19753392735,,,4.01671243960505,3.09119753392735
34,YOLOv3,NNNNNNNNNNNNNNNNNNNNNNNNNNNNNNNNNNNNNNNNNNNNNLLBLBLNNNLNLNLLNNNLLNNLLLBNNNL,"((7,), (7,), (7,), (7,), (7,), (7,), (7,), (7,), (7,), (7,), (7,), (7,), (7,), (7,), (7,), (7,), (7,), (7,), (7,), (7,), (7,), (7,), (7,), (7,), (7,), (7,), (7,), (7,), (7,), (7,), (7,), (7,), (7,), (7,), (7,), (7,), (7,), (7,), (7,), (7,), (7,), (7,), (7,), (7,), (7,), (0,), (0,), (0,), (1,), (0,), (0,), (7,), (7,), (7,), (3,), (7,), (0,), (7,), (3,), (1,), (7,), (7,), (7,), (0,), (1,), (7,), (7,), (5,), (0,), (0,), (0,), (7,), (7,), (7,), (0,))",4029.08310039313,3067.48094237153,,,4.02908310039313,3.06748094237153
56,YOLOv3,NNNNNNNNNNNNNNNNNNNNNNNNNNNNNNNNNNNNNNNNNNNNNLLBLBLBNNLNLNLLBNNNLNNLLLBNNNN,"((7,), (7,), (7,), (7,), (7,), (7,), (7,), (7,), (7,), (7,), (7,), (7,), (7,), (7,), (7,), (7,), (7,), (7,), (7,), (7,), (7,), (7,), (7,), (7,), (7,), (7,), (7,), (7,), (7,), (7,), (7,), (7,), (7,), (7,), (7,), (7,), (7,), (7,), (7,), (7,), (7,), (7,), (7,), (7,), (7,), (1,), (0,), (0,), (1,), (0,), (2,), (0,), (7,), (7,), (3,), (7,), (2,), (7,), (3,), (1,), (0,), (7,), (7,), (7,), (1,), (7,), (7,), (2,), (0,), (0,), (0,), (7,), (7,), (7,), (7,))",4047.52009068109,2997.20723135481,,,4.04752009068109,2.99720723135481
80,YOLOv3,NNNNNNNNNNNNNNNNNNNNNNNNNNNNNNNNNNNNNNNNNNNNNLLBLBLNNNLNLNLLBNNNLNNLLLLNNNL,"((7,), (7,), (7,), (7,), (7,), (7,), (7,), (7,), (7,), (7,), (7,), (7,), (7,), (7,), (7,), (7,), (7,), (7,), (7,), (7,), (7,), (7,), (7,), (7,), (7,), (7,), (7,), (7,), (7,), (7,), (7,), (7,), (7,), (7,), (7,), (7,), (7,), (7,), (7,), (7,), (7,), (7,), (7,), (7,), (7,), (0,), (0,), (0,), (1,), (0,), (1,), (7,), (7,), (7,), (3,), (7,), (0,), (7,), (3,), (1,), (0,), (7,), (7,), (7,), (1,), (7,), (7,), (3,), (0,), (0,), (4,), (7,), (7,), (7,), (0,))",4049.82217250217,2965.67603030175,,,4.04982217250217,2.96567603030175
91,YOLOv3,NNNNNNNNNNNNNNNNNNNNNNNNNNNNNNNNNNNNNNNNNNNNNLLBLBLNNNLNLNLLBNNNLNNLLLLNNNL,"((7,), (7,), (7,), (7,), (7,), (7,), (7,), (7,), (7,), (7,), (7,), (7,), (7,), (7,), (7,), (7,), (7,), (7,), (7,), (7,), (7,), (7,), (7,), (7,), (7,), (7,), (7,), (7,), (7,), (7,), (7,), (7,), (7,), (7,), (7,), (7,), (7,), (7,), (7,), (7,), (7,), (7,), (7,), (7,), (7,), (1,), (0,), (0,), (1,), (0,), (1,), (7,), (7,), (7,), (3,), (7,), (0,), (7,), (3,), (1,), (0,), (7,), (7,), (7,), (1,), (7,), (7,), (3,), (0,), (0,), (4,), (7,), (7,), (7,), (0,))",4065.73729927922,2913.71342271224,,,4.06573729927922,2.91371342271224
28,YOLOv3,NNNNNNNNNNNNNNNNNNNNNNNNNNNNNNNNNNNNNNNNNNNNNLLBLBLNNNLNLNLLLNNBLNNLBLBNNNN,"((7,), (7,), (7,), (7,), (7,), (7,), (7,), (7,), (7,), (7,), (7,), (7,), (7,), (7,), (7,), (7,), (7,), (7,), (7,), (7,), (7,), (7,), (7,), (7,), (7,), (7,), (7,), (7,), (7,), (7,), (7,), (7,), (7,), (7,), (7,), (7,), (7,), (7,), (7,), (7,), (7,), (7,), (7,), (7,), (7,), (1,), (0,), (0,), (1,), (0,), (2,), (7,), (7,), (7,), (3,), (7,), (2,), (7,), (3,), (1,), (0,), (7,), (7,), (0,), (1,), (7,), (7,), (2,), (0,), (0,), (0,), (7,), (7,), (7,), (7,))",4068.91349405781,2911.95888802885,,,4.06891349405781,2.91195888802885
71,YOLOv3,NNNNNNNNNNNNNNNNNNNNNNNNNNNNNNNNNNNNNNNNNNNNNLLBLBLNNNLNLNLLBNNNBNNLBLLNNNN,"((7,), (7,), (7,), (7,), (7,), (7,), (7,), (7,), (7,), (7,), (7,), (7,), (7,), (7,), (7,), (7,), (7,), (7,), (7,), (7,), (7,), (7,), (7,), (7,), (7,), (7,), (7,), (7,), (7,), (7,), (7,), (7,), (7,), (7,), (7,), (7,), (7,), (7,), (7,), (7,), (7,), (7,), (7,), (7,), (7,), (0,), (1,), (0,), (1,), (0,), (2,), (7,), (7,), (7,), (2,), (7,), (2,), (7,), (4,), (1,), (0,), (7,), (7,), (7,), (0,), (7,), (7,), (2,), (0,), (0,), (4,), (7,), (7,), (7,), (7,))",4095.70327097139,2805.06541761765,,,4.09570327097139,2.80506541761765
88,YOLOv3,NNNNNNNNNNNNNNNNNNNNNNNNNNNNNNNNNNNNNNNNNNNNNLLBLBLNNNLNLNLLBNNNBNNLBLLNNNN,"((7,), (7,), (7,), (7,), (7,), (7,), (7,), (7,), (7,), (7,), (7,), (7,), (7,), (7,), (7,), (7,), (7,), (7,), (7,), (7,), (7,), (7,), (7,), (7,), (7,), (7,), (7,), (7,), (7,), (7,), (7,), (7,), (7,), (7,), (7,), (7,), (7,), (7,), (7,), (7,), (7,), (7,), (7,), (7,), (7,), (0,), (1,), (0,), (1,), (0,), (2,), (7,), (7,), (7,), (2,), (7,), (2,), (7,), (4,), (1,), (0,), (7,), (7,), (7,), (0,), (7,), (7,), (2,), (0,), (0,), (4,), (7,), (7,), (7,), (7,))",4095.70327097139,2805.06541761765,,,4.09570327097139,2.80506541761765
79,YOLOv3,NNNNNNNNNNNNNNNNNNNNNNNNNNNNNNNNNNNNNNNNNNNNNLLBLBLNNNLNLNLLNNNNBNNLBLLNNNN,"((7,), (7,), (7,), (7,), (7,), (7,), (7,), (7,), (7,), (7,), (7,), (7,), (7,), (7,), (7,), (7,), (7,), (7,), (7,), (7,), (7,), (7,), (7,), (7,), (7,), (7,), (7,), (7,), (7,), (7,), (7,), (7,), (7,), (7,), (7,), (7,), (7,), (7,), (7,), (7,), (7,), (7,), (7,), (7,), (7,), (0,), (0,), (0,), (1,), (0,), (1,), (7,), (7,), (7,), (3,), (7,), (0,), (7,), (4,), (1,), (7,), (7,), (7,), (7,), (0,), (7,), (7,), (5,), (0,), (0,), (4,), (7,), (7,), (7,), (7,))",4125.72858174315,2712.84668883862,,,4.12572858174315,2.71284668883862
49,YOLOv3,NNNNNNNNNNNNNNNNNNNNNNNNNNNNNNNNNNNNNNNNNNNNNLLBLBLNNNLNLNLLNNNNBNNLBLLNNNN,"((7,), (7,), (7,), (7,), (7,), (7,), (7,), (7,), (7,), (7,), (7,), (7,), (7,), (7,), (7,), (7,), (7,), (7,), (7,), (7,), (7,), (7,), (7,), (7,), (7,), (7,), (7,), (7,), (7,), (7,), (7,), (7,), (7,), (7,), (7,), (7,), (7,), (7,), (7,), (7,), (7,), (7,), (7,), (7,), (7,), (0,), (1,), (0,), (1,), (0,), (1,), (7,), (7,), (7,), (3,), (7,), (2,), (7,), (4,), (1,), (7,), (7,), (7,), (7,), (0,), (7,), (7,), (5,), (0,), (0,), (4,), (7,), (7,), (7,), (7,))",4139.77856112144,2674.01998592982,,,4.13977856112144,2.67401998592982
53,YOLOv3,NNNNNNNNNNNNNNNNNNNNNNNNNNNNNNNNNNNNNNNNNNNNNLLBLBLNNNLNLNLLNNNNLNNLLLLNNNN,"((7,), (7,), (7,), (7,), (7,), (7,), (7,), (7,), (7,), (7,), (7,), (7,), (7,), (7,), (7,), (7,), (7,), (7,), (7,), (7,), (7,), (7,), (7,), (7,), (7,), (7,), (7,), (7,), (7,), (7,), (7,), (7,), (7,), (7,), (7,), (7,), (7,), (7,), (7,), (7,), (7,), (7,), (7,), (7,), (7,), (0,), (0,), (0,), (1,), (0,), (1,), (7,), (7,), (7,), (3,), (7,), (0,), (7,), (2,), (1,), (7,), (7,), (7,), (7,), (1,), (7,), (7,), (2,), (0,), (0,), (2,), (7,), (7,), (7,), (7,))",4150.94680496549,2616.48586459734,,,4.15094680496549,2.61648586459734
74,YOLOv3,NNNNNNNNNNNNNNNNNNNNNNNNNNNNNNNNNNNNNNNNNNNNNLLBLBLNNNLNLNLLNNNNLNNLLLLNNNN,"((7,), (7,), (7,), (7,), (7,), (7,), (7,), (7,), (7,), (7,), (7,), (7,), (7,), (7,), (7,), (7,), (7,), (7,), (7,), (7,), (7,), (7,), (7,), (7,), (7,), (7,), (7,), (7,), (7,), (7,), (7,), (7,), (7,), (7,), (7,), (7,), (7,), (7,), (7,), (7,), (7,), (7,), (7,), (7,), (7,), (0,), (1,), (0,), (1,), (0,), (2,), (7,), (7,), (7,), (3,), (7,), (0,), (7,), (2,), (5,), (7,), (7,), (7,), (7,), (1,), (7,), (7,), (2,), (0,), (0,), (2,), (7,), (7,), (7,), (7,))",4164.48101996757,2588.16200318533,,,4.16448101996757,2.58816200318533
35,YOLOv3,NNNNNNNNNNNNNNNNNNNNNNNNNNNNNNNNNNNNNNNNNNNNNLLBLBLNNNLNLNLLNNNNBNNLBLLNNNN,"((7,), (7,), (7,), (7,), (7,), (7,), (7,), (7,), (7,), (7,), (7,), (7,), (7,), (7,), (7,), (7,), (7,), (7,), (7,), (7,), (7,), (7,), (7,), (7,), (7,), (7,), (7,), (7,), (7,), (7,), (7,), (7,), (7,), (7,), (7,), (7,), (7,), (7,), (7,), (7,), (7,), (7,), (7,), (7,), (7,), (1,), (0,), (0,), (1,), (0,), (1,), (7,), (7,), (7,), (3,), (7,), (0,), (7,), (4,), (2,), (7,), (7,), (7,), (7,), (0,), (7,), (7,), (5,), (0,), (2,), (4,), (7,), (7,), (7,), (7,))",4179.79822038603,2577.25600422908,,,4.17979822038603,2.57725600422908
52,YOLOv3,NNNNNNNNNNNNNNNNNNNNNNNNNNNNNNNNNNNNNNNNNNNNNLLBLBLNNNLNLNLLLNNNBNNLLLLNNNN,"((7,), (7,), (7,), (7,), (7,), (7,), (7,), (7,), (7,), (7,), (7,), (7,), (7,), (7,), (7,), (7,), (7,), (7,), (7,), (7,), (7,), (7,), (7,), (7,), (7,), (7,), (7,), (7,), (7,), (7,), (7,), (7,), (7,), (7,), (7,), (7,), (7,), (7,), (7,), (7,), (7,), (7,), (7,), (7,), (7,), (1,), (1,), (0,), (3,), (0,), (2,), (7,), (7,), (7,), (3,), (7,), (2,), (7,), (2,), (2,), (0,), (7,), (7,), (7,), (0,), (7,), (7,), (5,), (0,), (1,), (4,), (7,), (7,), (7,), (7,))",4201.76900874078,2526.56545023135,,,4.20176900874078,2.52656545023135
81,YOLOv3,NNNNNNNNNNNNNNNNNNNNNNNNNNNNNNNNNNNNNNNNNNNNNLLBLBLNNNLNLNBLNNNNLNNLBLLNNNN,"((7,), (7,), (7,), (7,), (7,), (7,), (7,), (7,), (7,), (7,), (7,), (7,), (7,), (7,), (7,), (7,), (7,), (7,), (7,), (7,), (7,), (7,), (7,), (7,), (7,), (7,), (7,), (7,), (7,), (7,), (7,), (7,), (7,), (7,), (7,), (7,), (7,), (7,), (7,), (7,), (7,), (7,), (7,), (7,), (7,), (1,), (2,), (0,), (1,), (0,), (2,), (7,), (7,), (7,), (3,), (7,), (2,), (7,), (2,), (1,), (7,), (7,), (7,), (7,), (1,), (7,), (7,), (5,), (0,), (2,), (4,), (7,), (7,), (7,), (7,))",4219.24385255024,2487.67566738145,,,4.21924385255024,2.48767566738145
45,YOLOv3,NNNNNNNNNNNNNNNNNNNNNNNNNNNNNNNNNNNNNNNNNNNNNLLBLNLNNNLNLNLLNNNNBNNLLLBNNNN,"((7,), (7,), (7,), (7,), (7,), (7,), (7,), (7,), (7,), (7,), (7,), (7,), (7,), (7,), (7,), (7,), (7,), (7,), (7,), (7,), (7,), (7,), (7,), (7,), (7,), (7,), (7,), (7,), (7,), (7,), (7,), (7,), (7,), (7,), (7,), (7,), (7,), (7,), (7,), (7,), (7,), (7,), (7,), (7,), (7,), (0,), (1,), (0,), (1,), (7,), (2,), (7,), (7,), (7,), (3,), (7,), (0,), (7,), (4,), (2,), (7,), (7,), (7,), (7,), (0,), (7,), (7,), (2,), (1,), (0,), (0,), (7,), (7,), (7,), (7,))",4240.39018019723,2402.73428732785,,,4.24039018019723,2.40273428732785
12,YOLOv3,NNNNNNNNNNNNNNNNNNNNNNNNNNNNNNNNNNNNNNNNNNNNNLLBLNLNNNLNLNLLNNNNBNNLLLLNNNN,"((7,), (7,), (7,), (7,), (7,), (7,), (7,), (7,), (7,), (7,), (7,), (7,), (7,), (7,), (7,), (7,), (7,), (7,), (7,), (7,), (7,), (7,), (7,), (7,), (7,), (7,), (7,), (7,), (7,), (7,), (7,), (7,), (7,), (7,), (7,), (7,), (7,), (7,), (7,), (7,), (7,), (7,), (7,), (7,), (7,), (0,), (1,), (0,), (1,), (7,), (1,), (7,), (7,), (7,), (3,), (7,), (0,), (7,), (4,), (2,), (7,), (7,), (7,), (7,), (0,), (7,), (7,), (2,), (1,), (0,), (2,), (7,), (7,), (7,), (7,))",4258.25120909565,2358.46941805407,,,4.25825120909565,2.35846941805407
17,YOLOv3,NNNNNNNNNNNNNNNNNNNNNNNNNNNNNNNNNNNNNNNNNNNNNLLBLNLNNNLNLNLLNNNNBNNLLLLNNNN,"((7,), (7,), (7,), (7,), (7,), (7,), (7,), (7,), (7,), (7,), (7,), (7,), (7,), (7,), (7,), (7,), (7,), (7,), (7,), (7,), (7,), (7,), (7,), (7,), (7,), (7,), (7,), (7,), (7,), (7,), (7,), (7,), (7,), (7,), (7,), (7,), (7,), (7,), (7,), (7,), (7,), (7,), (7,), (7,), (7,), (0,), (1,), (0,), (3,), (7,), (2,), (7,), (7,), (7,), (3,), (7,), (2,), (7,), (2,), (2,), (7,), (7,), (7,), (7,), (0,), (7,), (7,), (5,), (0,), (0,), (4,), (7,), (7,), (7,), (7,))",4285.32434175633,2327.32127724733,,,4.28532434175633,2.32732127724733
42,YOLOv3,NNNNNNNNNNNNNNNNNNNNNNNNNNNNNNNNNNNNNNNNNNNNNLLLLLLNNNLNLNLLNNNNLNNLLLBNNNN,"((7,), (7,), (7,), (7,), (7,), (7,), (7,), (7,), (7,), (7,), (7,), (7,), (7,), (7,), (7,), (7,), (7,), (7,), (7,), (7,), (7,), (7,), (7,), (7,), (7,), (7,), (7,), (7,), (7,), (7,), (7,), (7,), (7,), (7,), (7,), (7,), (7,), (7,), (7,), (7,), (7,), (7,), (7,), (7,), (7,), (0,), (1,), (1,), (1,), (0,), (1,), (7,), (7,), (7,), (3,), (7,), (0,), (7,), (4,), (1,), (7,), (7,), (7,), (7,), (1,), (7,), (7,), (2,), (0,), (0,), (0,), (7,), (7,), (7,), (7,))",4304.30037888511,2308.26007718504,,,4.30430037888511,2.30826007718504
84,YOLOv3,NNNNNNNNNNNNNNNNNNNNNNNNNNNNNNNNNNNNNNNNNNNNNLLBLNLNNNLNLNLLNNNNBNNLLLLNNNN,"((7,), (7,), (7,), (7,), (7,), (7,), (7,), (7,), (7,), (7,), (7,), (7,), (7,), (7,), (7,), (7,), (7,), (7,), (7,), (7,), (7,), (7,), (7,), (7,), (7,), (7,), (7,), (7,), (7,), (7,), (7,), (7,), (7,), (7,), (7,), (7,), (7,), (7,), (7,), (7,), (7,), (7,), (7,), (7,), (7,), (1,), (1,), (0,), (3,), (7,), (2,), (7,), (7,), (7,), (3,), (7,), (4,), (7,), (4,), (2,), (7,), (7,), (7,), (7,), (0,), (7,), (7,), (5,), (0,), (0,), (4,), (7,), (7,), (7,), (7,))",4319.83731828865,2267.14408238418,,,4.31983731828865,2.26714408238418
82,YOLOv3,NNNNNNNNNNNNNNNNNNNNNNNNNNNNNNNNNNNNNNNNNNNNNLLBLNLNNNLNLNLLNNNNLNNLLLLNNNN,"((7,), (7,), (7,), (7,), (7,), (7,), (7,), (7,), (7,), (7,), (7,), (7,), (7,), (7,), (7,), (7,), (7,), (7,), (7,), (7,), (7,), (7,), (7,), (7,), (7,), (7,), (7,), (7,), (7,), (7,), (7,), (7,), (7,), (7,), (7,), (7,), (7,), (7,), (7,), (7,), (7,), (7,), (7,), (7,), (7,), (1,), (4,), (0,), (1,), (7,), (1,), (7,), (7,), (7,), (3,), (7,), (4,), (7,), (4,), (1,), (7,), (7,), (7,), (7,), (1,), (7,), (7,), (2,), (0,), (0,), (2,), (7,), (7,), (7,), (7,))",4324.88792047475,2245.20876611116,,,4.32488792047475,2.24520876611116
64,YOLOv3,NNNNNNNNNNNNNNNNNNNNNNNNNNNNNNNNNNNNNNNNNNNNNLLBLNLNNNLNLNLLBNNNBNNLLLLNNNN,"((7,), (7,), (7,), (7,), (7,), (7,), (7,), (7,), (7,), (7,), (7,), (7,), (7,), (7,), (7,), (7,), (7,), (7,), (7,), (7,), (7,), (7,), (7,), (7,), (7,), (7,), (7,), (7,), (7,), (7,), (7,), (7,), (7,), (7,), (7,), (7,), (7,), (7,), (7,), (7,), (7,), (7,), (7,), (7,), (7,), (1,), (1,), (0,), (3,), (7,), (2,), (7,), (7,), (7,), (3,), (7,), (2,), (7,), (4,), (2,), (0,), (7,), (7,), (7,), (1,), (7,), (7,), (5,), (4,), (2,), (4,), (7,), (7,), (7,), (7,))",4348.40315841648,2243.45662240419,,,4.34840315841648,2.24345662240419
75,YOLOv3,NNNNNNNNNNNNNNNNNNNNNNNNNNNNNNNNNNNNNNNNNNNNNLLBLNLNNNLNLNLLNNNNLNNLLLLNNNN,"((7,), (7,), (7,), (7,), (7,), (7,), (7,), (7,), (7,), (7,), (7,), (7,), (7,), (7,), (7,), (7,), (7,), (7,), (7,), (7,), (7,), (7,), (7,), (7,), (7,), (7,), (7,), (7,), (7,), (7,), (7,), (7,), (7,), (7,), (7,), (7,), (7,), (7,), (7,), (7,), (7,), (7,), (7,), (7,), (7,), (1,), (1,), (0,), (1,), (7,), (2,), (7,), (7,), (7,), (3,), (7,), (2,), (7,), (4,), (2,), (7,), (7,), (7,), (7,), (1,), (7,), (7,), (3,), (1,), (1,), (4,), (7,), (7,), (7,), (7,))",4362.06434912534,2165.96680563755,,,4.36206434912534,2.16596680563755
96,YOLOv3,NNNNNNNNNNNNNNNNNNNNNNNNNNNNNNNNNNNNNNNNNNNNNLLLLNLNNNLNLNLLNNNNLNNLLLBNNNN,"((7,), (7,), (7,), (7,), (7,), (7,), (7,), (7,), (7,), (7,), (7,), (7,), (7,), (7,), (7,), (7,), (7,), (7,), (7,), (7,), (7,), (7,), (7,), (7,), (7,), (7,), (7,), (7,), (7,), (7,), (7,), (7,), (7,), (7,), (7,), (7,), (7,), (7,), (7,), (7,), (7,), (7,), (7,), (7,), (7,), (1,), (1,), (1,), (1,), (7,), (1,), (7,), (7,), (7,), (3,), (7,), (0,), (7,), (4,), (1,), (7,), (7,), (7,), (7,), (1,), (7,), (7,), (2,), (0,), (0,), (0,), (7,), (7,), (7,), (7,))",4384.94174279288,2135.48772568532,,,4.38494174279288,2.13548772568532
72,YOLOv3,NNNNNNNNNNNNNNNNNNNNNNNNNNNNNNNNNNNNNNNNNNNNNLLLLNLNNNLNLNLLNNNNBNNLLLLNNNN,"((7,), (7,), (7,), (7,), (7,), (7,), (7,), (7,), (7,), (7,), (7,), (7,), (7,), (7,), (7,), (7,), (7,), (7,), (7,), (7,), (7,), (7,), (7,), (7,), (7,), (7,), (7,), (7,), (7,), (7,), (7,), (7,), (7,), (7,), (7,), (7,), (7,), (7,), (7,), (7,), (7,), (7,), (7,), (7,), (7,), (1,), (0,), (1,), (1,), (7,), (2,), (7,), (7,), (7,), (2,), (7,), (2,), (7,), (4,), (1,), (7,), (7,), (7,), (7,), (0,), (7,), (7,), (2,), (0,), (0,), (4,), (7,), (7,), (7,), (7,))",4403.13218902505,2110.43886682906,,,4.40313218902505,2.11043886682906
95,YOLOv3,NNNNNNNNNNNNNNNNNNNNNNNNNNNNNNNNNNNNNNNNNNNNNLLLLNLNNNLNLNLLNNNNLNNLLLLNNNN,"((7,), (7,), (7,), (7,), (7,), (7,), (7,), (7,), (7,), (7,), (7,), (7,), (7,), (7,), (7,), (7,), (7,), (7,), (7,), (7,), (7,), (7,), (7,), (7,), (7,), (7,), (7,), (7,), (7,), (7,), (7,), (7,), (7,), (7,), (7,), (7,), (7,), (7,), (7,), (7,), (7,), (7,), (7,), (7,), (7,), (0,), (0,), (2,), (1,), (7,), (2,), (7,), (7,), (7,), (3,), (7,), (2,), (7,), (4,), (1,), (7,), (7,), (7,), (7,), (0,), (7,), (7,), (2,), (0,), (0,), (4,), (7,), (7,), (7,), (7,))",4415.46914354887,2102.94384695176,,,4.41546914354887,2.10294384695176
51,YOLOv3,NNNNNNNNNNNNNNNNNNNNNNNNNNNNNNNNNNNNNNNNNNNNNLLLLNLNNNLNLNLLNNNNBNNLLLLNNNN,"((7,), (7,), (7,), (7,), (7,), (7,), (7,), (7,), (7,), (7,), (7,), (7,), (7,), (7,), (7,), (7,), (7,), (7,), (7,), (7,), (7,), (7,), (7,), (7,), (7,), (7,), (7,), (7,), (7,), (7,), (7,), (7,), (7,), (7,), (7,), (7,), (7,), (7,), (7,), (7,), (7,), (7,), (7,), (7,), (7,), (1,), (0,), (1,), (1,), (7,), (2,), (7,), (7,), (7,), (2,), (7,), (2,), (7,), (4,), (1,), (7,), (7,), (7,), (7,), (0,), (7,), (7,), (5,), (0,), (1,), (4,), (7,), (7,), (7,), (7,))",4441.93950447083,2051.46793980466,,,4.44193950447083,2.05146793980466
14,YOLOv3,NNNNNNNNNNNNNNNNNNNNNNNNNNNNNNNNNNNNNNNNNNNNNLLLLNLNNNLNLNLLNNNNLNNLLLLNNNN,"((7,), (7,), (7,), (7,), (7,), (7,), (7,), (7,), (7,), (7,), (7,), (7,), (7,), (7,), (7,), (7,), (7,), (7,), (7,), (7,), (7,), (7,), (7,), (7,), (7,), (7,), (7,), (7,), (7,), (7,), (7,), (7,), (7,), (7,), (7,), (7,), (7,), (7,), (7,), (7,), (7,), (7,), (7,), (7,), (7,), (1,), (1,), (1,), (1,), (7,), (2,), (7,), (7,), (7,), (3,), (7,), (2,), (7,), (4,), (1,), (7,), (7,), (7,), (7,), (1,), (7,), (7,), (3,), (0,), (1,), (4,), (7,), (7,), (7,), (7,))",4481.13796635989,1987.8090805376,,,4.48113796635989,1.9878090805376
92,YOLOv3,NNNNNNNNNNNNNNNNNNNNNNNNNNNNNNNNNNNNNNNNNNNNNLLLLNLNNNLNLNLLNNNNLNNLLLLNNNN,"((7,), (7,), (7,), (7,), (7,), (7,), (7,), (7,), (7,), (7,), (7,), (7,), (7,), (7,), (7,), (7,), (7,), (7,), (7,), (7,), (7,), (7,), (7,), (7,), (7,), (7,), (7,), (7,), (7,), (7,), (7,), (7,), (7,), (7,), (7,), (7,), (7,), (7,), (7,), (7,), (7,), (7,), (7,), (7,), (7,), (1,), (1,), (1,), (1,), (7,), (3,), (7,), (7,), (7,), (3,), (7,), (2,), (7,), (4,), (1,), (7,), (7,), (7,), (7,), (1,), (7,), (7,), (3,), (0,), (1,), (4,), (7,), (7,), (7,), (7,))",4487.3986098477,1981.99276115235,,,4.4873986098477,1.98199276115235
36,YOLOv3,NNNNNNNNNNNNNNNNNNNNNNNNNNNNNNNNNNNNNNNNNNNNNLLLLNLNNNLNLNLLNNNNLNNLLLLNNNN,"((7,), (7,), (7,), (7,), (7,), (7,), (7,), (7,), (7,), (7,), (7,), (7,), (7,), (7,), (7,), (7,), (7,), (7,), (7,), (7,), (7,), (7,), (7,), (7,), (7,), (7,), (7,), (7,), (7,), (7,), (7,), (7,), (7,), (7,), (7,), (7,), (7,), (7,), (7,), (7,), (7,), (7,), (7,), (7,), (7,), (0,), (1,), (3,), (1,), (7,), (2,), (7,), (7,), (7,), (3,), (7,), (2,), (7,), (4,), (2,), (7,), (7,), (7,), (7,), (1,), (7,), (7,), (3,), (1,), (1,), (4,), (7,), (7,), (7,), (7,))",4507.03115324688,1969.12881669762,,,4.50703115324688,1.96912881669762
27,YOLOv3,NNNNNNNNNNNNNNNNNNNNNNNNNNNNNNNNNNNNNNNNNNNNNLLLLNLNNNLNLNLLNNNNLNNLLLLNNNN,"((7,), (7,), (7,), (7,), (7,), (7,), (7,), (7,), (7,), (7,), (7,), (7,), (7,), (7,), (7,), (7,), (7,), (7,), (7,), (7,), (7,), (7,), (7,), (7,), (7,), (7,), (7,), (7,), (7,), (7,), (7,), (7,), (7,), (7,), (7,), (7,), (7,), (7,), (7,), (7,), (7,), (7,), (7,), (7,), (7,), (1,), (0,), (1,), (3,), (7,), (2,), (7,), (7,), (7,), (3,), (7,), (2,), (7,), (4,), (2,), (7,), (7,), (7,), (7,), (1,), (7,), (7,), (2,), (4,), (1,), (4,), (7,), (7,), (7,), (7,))",4528.20167614133,1938.09728803596,,,4.52820167614133,1.93809728803596
97,YOLOv3,NNNNNNNNNNNNNNNNNNNNNNNNNNNNNNNNNNNNNNNNNNNNNLLLLNLNNNLNLNLLNNNNLNNLLLLNNNN,"((7,), (7,), (7,), (7,), (7,), (7,), (7,), (7,), (7,), (7,), (7,), (7,), (7,), (7,), (7,), (7,), (7,), (7,), (7,), (7,), (7,), (7,), (7,), (7,), (7,), (7,), (7,), (7,), (7,), (7,), (7,), (7,), (7,), (7,), (7,), (7,), (7,), (7,), (7,), (7,), (7,), (7,), (7,), (7,), (7,), (1,), (0,), (1,), (1,), (7,), (2,), (7,), (7,), (7,), (3,), (7,), (2,), (7,), (4,), (5,), (7,), (7,), (7,), (7,), (1,), (7,), (7,), (3,), (4,), (2,), (4,), (7,), (7,), (7,), (7,))",4548.38408400216,1916.25508840146,,,4.54838408400216,1.91625508840146
37,YOLOv3,NNNNNNNNNNNNNNNNNNNNNNNNNNNNNNNNNNNNNNNNNNNNNLLLLNLNNNLNLNLLNNNNLNNLLLLNNNN,"((7,), (7,), (7,), (7,), (7,), (7,), (7,), (7,), (7,), (7,), (7,), (7,), (7,), (7,), (7,), (7,), (7,), (7,), (7,), (7,), (7,), (7,), (7,), (7,), (7,), (7,), (7,), (7,), (7,), (7,), (7,), (7,), (7,), (7,), (7,), (7,), (7,), (7,), (7,), (7,), (7,), (7,), (7,), (7,), (7,), (1,), (1,), (1,), (3,), (7,), (2,), (7,), (7,), (7,), (3,), (7,), (2,), (7,), (4,), (2,), (7,), (7,), (7,), (7,), (1,), (7,), (7,), (3,), (4,), (2,), (4,), (7,), (7,), (7,), (7,))",4567.22460685083,1890.15319282021,,,4.56722460685083,1.89015319282021
90,YOLOv3,NNNNNNNNNNNNNNNNNNNNNNNNNNNNNNNNNNNNNNNNNNNNNLLLLNLNNNLNLNLLNNNNLNNLLLLNNNN,"((7,), (7,), (7,), (7,), (7,), (7,), (7,), (7,), (7,), (7,), (7,), (7,), (7,), (7,), (7,), (7,), (7,), (7,), (7,), (7,), (7,), (7,), (7,), (7,), (7,), (7,), (7,), (7,), (7,), (7,), (7,), (7,), (7,), (7,), (7,), (7,), (7,), (7,), (7,), (7,), (7,), (7,), (7,), (7,), (7,), (1,), (4,), (1,), (3,), (7,), (2,), (7,), (7,), (7,), (3,), (7,), (2,), (7,), (4,), (5,), (7,), (7,), (7,), (7,), (1,), (7,), (7,), (3,), (4,), (2,), (4,), (7,), (7,), (7,), (7,))",4591.22639892735,1871.88879525669,,,4.59122639892735,1.87188879525669
58,YOLOv3,NNNNNNNNNNNNNNNNNNNNNNNNNNNNNNNNNNNNNNNNNNNNNLLLLNLNNNLNLNLLNNNNLNNLLLLNNNN,"((7,), (7,), (7,), (7,), (7,), (7,), (7,), (7,), (7,), (7,), (7,), (7,), (7,), (7,), (7,), (7,), (7,), (7,), (7,), (7,), (7,), (7,), (7,), (7,), (7,), (7,), (7,), (7,), (7,), (7,), (7,), (7,), (7,), (7,), (7,), (7,), (7,), (7,), (7,), (7,), (7,), (7,), (7,), (7,), (7,), (1,), (4,), (1,), (3,), (7,), (2,), (7,), (7,), (7,), (3,), (7,), (2,), (7,), (4,), (5,), (7,), (7,), (7,), (7,), (1,), (7,), (7,), (4,), (4,), (2,), (4,), (7,), (7,), (7,), (7,))",4593.41455101099,1870.58052087345,,,4.59341455101099,1.87058052087345
57,YOLOv3,NNNNNNNNNNNNNNNNNNNNNNNNNNNNNNNNNNNNNNNNNNNNNLLLLNLNNNLNLNLLNNNNLNNLLLLNNNN,"((7,), (7,), (7,), (7,), (7,), (7,), (7,), (7,), (7,), (7,), (7,), (7,), (7,), (7,), (7,), (7,), (7,), (7,), (7,), (7,), (7,), (7,), (7,), (7,), (7,), (7,), (7,), (7,), (7,), (7,), (7,), (7,), (7,), (7,), (7,), (7,), (7,), (7,), (7,), (7,), (7,), (7,), (7,), (7,), (7,), (1,), (0,), (3,), (3,), (7,), (2,), (7,), (7,), (7,), (3,), (7,), (4,), (7,), (4,), (2,), (7,), (7,), (7,), (7,), (2,), (7,), (7,), (5,), (4,), (2,), (4,), (7,), (7,), (7,), (7,))",4626.50506601342,1846.5873004489,,,4.62650506601342,1.8465873004489
77,YOLOv3,NNNNNNNNNNNNNNNNNNNNNNNNNNNNNNNNNNNNNNNNNNNNNLLLLNLNNNLNLNLLNNNNLNNLLLLNNNN,"((7,), (7,), (7,), (7,), (7,), (7,), (7,), (7,), (7,), (7,), (7,), (7,), (7,), (7,), (7,), (7,), (7,), (7,), (7,), (7,), (7,), (7,), (7,), (7,), (7,), (7,), (7,), (7,), (7,), (7,), (7,), (7,), (7,), (7,), (7,), (7,), (7,), (7,), (7,), (7,), (7,), (7,), (7,), (7,), (7,), (1,), (0,), (3,), (3,), (7,), (2,), (7,), (7,), (7,), (3,), (7,), (4,), (7,), (4,), (2,), (7,), (7,), (7,), (7,), (2,), (7,), (7,), (5,), (4,), (2,), (4,), (7,), (7,), (7,), (7,))",4626.50506601342,1846.5873004489,,,4.62650506601342,1.8465873004489
15,YOLOv3,NNNNNNNNNNNNNNNNNNNNNNNNNNNNNNNNNNNNNNNNNNNNNLLLLNLNNNLNLNLLNNNNLNNLLLLNNNN,"((7,), (7,), (7,), (7,), (7,), (7,), (7,), (7,), (7,), (7,), (7,), (7,), (7,), (7,), (7,), (7,), (7,), (7,), (7,), (7,), (7,), (7,), (7,), (7,), (7,), (7,), (7,), (7,), (7,), (7,), (7,), (7,), (7,), (7,), (7,), (7,), (7,), (7,), (7,), (7,), (7,), (7,), (7,), (7,), (7,), (5,), (2,), (1,), (3,), (7,), (4,), (7,), (7,), (7,), (3,), (7,), (4,), (7,), (4,), (5,), (7,), (7,), (7,), (7,), (1,), (7,), (7,), (5,), (4,), (1,), (4,), (7,), (7,), (7,), (7,))",4662.62694018706,1830.71904004841,,,4.66262694018706,1.83071904004841
29,YOLOv3,NNNNNNNNNNNNNNNNNNNNNNNNNNNNNNNNNNNNNNNNNNNNNLLLLNLNNNLNLNLLNNNNLNNLLLLNNNN,"((7,), (7,), (7,), (7,), (7,), (7,), (7,), (7,), (7,), (7,), (7,), (7,), (7,), (7,), (7,), (7,), (7,), (7,), (7,), (7,), (7,), (7,), (7,), (7,), (7,), (7,), (7,), (7,), (7,), (7,), (7,), (7,), (7,), (7,), (7,), (7,), (7,), (7,), (7,), (7,), (7,), (7,), (7,), (7,), (7,), (4,), (1,), (4,), (1,), (7,), (4,), (7,), (7,), (7,), (3,), (7,), (2,), (7,), (4,), (5,), (7,), (7,), (7,), (7,), (2,), (7,), (7,), (4,), (4,), (1,), (4,), (7,), (7,), (7,), (7,))",4677.82661382938,1812.90668800985,,,4.67782661382938,1.81290668800985
66,YOLOv3,NNNNNNNNNNNNNNNNNNNNNNNNNNNNNNNNNNNNNNNNNNNNNLLLLNLNNNLNLNLLNNNNLNNLLLLNNNN,"((7,), (7,), (7,), (7,), (7,), (7,), (7,), (7,), (7,), (7,), (7,), (7,), (7,), (7,), (7,), (7,), (7,), (7,), (7,), (7,), (7,), (7,), (7,), (7,), (7,), (7,), (7,), (7,), (7,), (7,), (7,), (7,), (7,), (7,), (7,), (7,), (7,), (7,), (7,), (7,), (7,), (7,), (7,), (7,), (7,), (5,), (0,), (4,), (1,), (7,), (4,), (7,), (7,), (7,), (3,), (7,), (2,), (7,), (4,), (1,), (7,), (7,), (7,), (7,), (2,), (7,), (7,), (5,), (4,), (2,), (4,), (7,), (7,), (7,), (7,))",4707.48168479649,1796.83735645482,,,4.70748168479649,1.79683735645482
65,YOLOv3,NNNNNNNNNNNNNNNNNNNNNNNNNNNNNNNNNNNNNNNNNNNNNLLLLNLNNNLNLNLLNNNNLNNLLLLNNNN,"((7,), (7,), (7,), (7,), (7,), (7,), (7,), (7,), (7,), (7,), (7,), (7,), (7,), (7,), (7,), (7,), (7,), (7,), (7,), (7,), (7,), (7,), (7,), (7,), (7,), (7,), (7,), (7,), (7,), (7,), (7,), (7,), (7,), (7,), (7,), (7,), (7,), (7,), (7,), (7,), (7,), (7,), (7,), (7,), (7,), (5,), (4,), (1,), (3,), (7,), (4,), (7,), (7,), (7,), (3,), (7,), (4,), (7,), (4,), (5,), (7,), (7,), (7,), (7,), (2,), (7,), (7,), (5,), (4,), (2,), (4,), (7,), (7,), (7,), (7,))",4711.17117482703,1787.22111009055,,,4.71117117482703,1.78722111009055
32,YOLOv3,NNNNNNNNNNNNNNNNNNNNNNNNNNNNNNNNNNNNNNNNNNNNNLLLLNLNNNLNLNLLNNNNLNNLLLLNNNN,"((7,), (7,), (7,), (7,), (7,), (7,), (7,), (7,), (7,), (7,), (7,), (7,), (7,), (7,), (7,), (7,), (7,), (7,), (7,), (7,), (7,), (7,), (7,), (7,), (7,), (7,), (7,), (7,), (7,), (7,), (7,), (7,), (7,), (7,), (7,), (7,), (7,), (7,), (7,), (7,), (7,), (7,), (7,), (7,), (7,), (4,), (1,), (4,), (4,), (7,), (4,), (7,), (7,), (7,), (3,), (7,), (4,), (7,), (4,), (2,), (7,), (7,), (7,), (7,), (2,), (7,), (7,), (5,), (4,), (2,), (4,), (7,), (7,), (7,), (7,))",4739.19297951145,1762.05837250419,,,4.73919297951145,1.76205837250419
19,YOLOv3,NNNNNNNNNNNNNNNNNNNNNNNNNNNNNNNNNNNNNNNNNNNNNLLLLNLNNNLNLNLLNNNNLNNLLLLNNNN,"((7,), (7,), (7,), (7,), (7,), (7,), (7,), (7,), (7,), (7,), (7,), (7,), (7,), (7,), (7,), (7,), (7,), (7,), (7,), (7,), (7,), (7,), (7,), (7,), (7,), (7,), (7,), (7,), (7,), (7,), (7,), (7,), (7,), (7,), (7,), (7,), (7,), (7,), (7,), (7,), (7,), (7,), (7,), (7,), (7,), (4,), (2,), (4,), (3,), (7,), (4,), (7,), (7,), (7,), (4,), (7,), (4,), (7,), (4,), (5,), (7,), (7,), (7,), (7,), (2,), (7,), (7,), (5,), (4,), (2,), (4,), (7,), (7,), (7,), (7,))",4754.03628038945,1750.44198544908,,,4.75403628038945,1.75044198544908
6,YOLOv3,NNNNNNNNNNNNNNNNNNNNNNNNNNNNNNNNNNNNNNNNNNNNNLLLLNLNNNLNLNLLNNNNLNNLLLLNNNN,"((7,), (7,), (7,), (7,), (7,), (7,), (7,), (7,), (7,), (7,), (7,), (7,), (7,), (7,), (7,), (7,), (7,), (7,), (7,), (7,), (7,), (7,), (7,), (7,), (7,), (7,), (7,), (7,), (7,), (7,), (7,), (7,), (7,), (7,), (7,), (7,), (7,), (7,), (7,), (7,), (7,), (7,), (7,), (7,), (7,), (5,), (4,), (4,), (4,), (7,), (4,), (7,), (7,), (7,), (3,), (7,), (4,), (7,), (4,), (5,), (7,), (7,), (7,), (7,), (2,), (7,), (7,), (5,), (4,), (2,), (4,), (7,), (7,), (7,), (7,))",4788.51219141937,1734.26746375906,,,4.78851219141937,1.73426746375906
38,YOLOv3,NNNNNNNNNNNNNNNNNNNNNNNNNNNNNNNNNNNNNNNNNNNNNLLLLNLNNNLNLNLLNNNNLNLLLLLNNNN,"((7,), (7,), (7,), (7,), (7,), (7,), (7,), (7,), (7,), (7,), (7,), (7,), (7,), (7,), (7,), (7,), (7,), (7,), (7,), (7,), (7,), (7,), (7,), (7,), (7,), (7,), (7,), (7,), (7,), (7,), (7,), (7,), (7,), (7,), (7,), (7,), (7,), (7,), (7,), (7,), (7,), (7,), (7,), (7,), (7,), (5,), (4,), (4,), (3,), (7,), (4,), (7,), (7,), (7,), (3,), (7,), (4,), (7,), (4,), (5,), (7,), (7,), (7,), (7,), (1,), (7,), (2,), (5,), (4,), (2,), (4,), (7,), (7,), (7,), (7,))",4815.69724692643,1732.7209814307,,,4.81569724692643,1.7327209814307
1,YOLOv3,NNNNNNNNNNNNNNNNNNNNNNNNNNNNNNNNNNNNNNNNNNNNNLLLLNLNNNLNLNLLNNNNLNLLLLLNNNN,"((7,), (7,), (7,), (7,), (7,), (7,), (7,), (7,), (7,), (7,), (7,), (7,), (7,), (7,), (7,), (7,), (7,), (7,), (7,), (7,), (7,), (7,), (7,), (7,), (7,), (7,), (7,), (7,), (7,), (7,), (7,), (7,), (7,), (7,), (7,), (7,), (7,), (7,), (7,), (7,), (7,), (7,), (7,), (7,), (7,), (5,), (4,), (4,), (4,), (7,), (4,), (7,), (7,), (7,), (3,), (7,), (4,), (7,), (4,), (5,), (7,), (7,), (7,), (7,), (1,), (7,), (2,), (5,), (5,), (2,), (4,), (7,), (7,), (7,), (7,))",4836.10735597177,1726.21155823238,,,4.83610735597177,1.72621155823238
2,YOLOv3,NNNNNNNNNNNNNNNNNNNNNNNNNNNNNNNNNNNNNNNNNNNNNLLLLNLNNNLNLNLLNNNNLNLLLLLNNNN,"((7,), (7,), (7,), (7,), (7,), (7,), (7,), (7,), (7,), (7,), (7,), (7,), (7,), (7,), (7,), (7,), (7,), (7,), (7,), (7,), (7,), (7,), (7,), (7,), (7,), (7,), (7,), (7,), (7,), (7,), (7,), (7,), (7,), (7,), (7,), (7,), (7,), (7,), (7,), (7,), (7,), (7,), (7,), (7,), (7,), (5,), (4,), (4,), (4,), (7,), (4,), (7,), (7,), (7,), (3,), (7,), (4,), (7,), (4,), (5,), (7,), (7,), (7,), (7,), (1,), (7,), (2,), (5,), (5,), (2,), (4,), (7,), (7,), (7,), (7,))",4836.10735597177,1726.21155823238,,,4.83610735597177,1.72621155823238
